ID,Title,Slug,Thumbnail,Status
1,"Siêu Cấp Máy Dập Lạc Vào Công Ty Nữ",sieu-cap-may-dap-lac-vao-cong-ty-nu,https://cdn.vinahentai.cloud/test/story-images/poster-6910a195f190bf20fea6ca0d-w575-1770345625682-c585ee60.webp,pending
2,"Hahri's Lumpy Star",hahris-lumpy-star,https://cdn.vietmanhwa.com/story-images/6518ebcfbd9f1hahris-lumpy-background-1781899034181-fbd1d58a.webp,pending
3,"Ác Nữ Năm Xưa Quay Lại Chơi Đùa Tôi",ac-nu-nam-xua-quay-lai-choi-ua-toi,https://cdn.vinahentai.cloud/story-images/download-1774291676115-ff8eb233.webp,pending
4,"Mỗi Nơi, Một SexLand",moi-noi-mot-sexland,https://cdn.vinahentai.cloud/story-images/download-1774214284238-b48b90c1.webp,pending
5,"Lời Nguyền Của Kẻ Giả Gái",loi-nguyen-cua-ke-gia-gai,https://cdn.vinahentai.cloud/story-images/download-1775314073306-a41f3d6a.webp,pending
6,"Em Bỏ Hút Thuốc Chưa",em-bo-hut-thuoc-chua,https://cdn.vinahentai.cloud/story-images/download-1771282324743-12dcdc58.webp,pending
7,"Xin Chị Đại Lắng Nghe Lời Ngụy Biện Này",xin-chi-%C4%91ai-lang-nghe-loi-nguy-bien-nay,https://cdn.vinahentai.cloud/story-images/download-1777304912036-3dd48449.webp,pending
8,"Hồ Sơ Ẩn Danh Của Cô Giáo",ho-so-an-danh-cua-co-giao,https://cdn.vinahentai.cloud/story-images/download-1775313986093-e07635d7.webp,pending
9,"Kế Hoạch Trao Đổi Các Bà Mẹ Quyến Rũ",ke-hoach-trao-oi-me,https://cdn.vinahentai.cloud/story-images/download-1779726415042-f4a3ed9e.webp,pending
10,"Con Mèo Nhặt Được Hóa Ra Là Succubus!? Tôi nhận được kĩ năng vô hình (Không che)",con-meo-nhat-duoc-hoa-ra-la-succubus-toi-nhan-duoc-ki-nang-vo-hinh-khong-che,https://cdn.vinahentai.cloud/story-images/image-1781569792970-0b2b2931.webp,pending
11,"Tôi là nam quân nhân duy nhất trong đơn vị",toi-la-nam-quan-nhan-duy-nhat-trong-on-vi,https://cdn.vinahentai.cloud/test/story-images/poster-6929f45fbbc2f5ddd2dfb2dd-w575-1770348206954-16f5a3bc.webp,pending
12,"Cổ Vũ Tình Yêu",co-vu-tinh-yeu,https://cdn.vinahentai.cloud/story-images/co-vu-tinh-yeu-3-4-1781482450896-4e365314.webp,pending
13,"Những mẫu truyện tục tĩu (Phần 2)",nhung-mau-truyen-tuc-tiu-phan-2,https://cdn.vinahentai.cloud/test/story-images/poster-693c22631fe92f48a1a345b3-w575-1770345729182-cff335d1.webp,pending
14,"Săn MILF ở dị giới",san-milf-o-di-gioi,https://cdn.vinahentai.cloud/test/story-images/poster-68dbbc094cc992ac383d6a66-w575-1770345572359-591e06ab.webp,pending
15,"Sex Toy Không Dây",sextoy-ket-noi-khong-day,https://cdn.vinahentai.cloud/story-images/image-1779675995996-e0ae42fc.webp,pending
16,"Thằng Con Trai Duy Nhất Trong Clan Toàn Gái Xinh",thang-con-trai-duy-nhat-trong-clan-toan-gai-xinh,https://cdn.vinahentai.cloud/story-images/adw0s-1781220840923-4d5c60c3.webp,pending
17,"Con Cặc Hóa Rồng - Gái Dị Giới Tranh Nhau Hít (Không che)",con-cac-hoa-rong-gai-di-gioi-tranh-nhau-hit-khong-che,https://cdn.vinahentai.cloud/test/story-images/poster-691e9c8687ee55ce9251e9cf-w575-1770337808462-9ff146e1.webp,pending
18,"Vợ Tôi Là Vtuber TOP 1 Cả Nước",vo-toi-la-vtuber-top-1-ca-nuoc,https://cdn.vinahentai.cloud/story-images/download-1775314113495-352ab947.webp,pending
19,"Rắc rối của chủ tịch câu lạc bộ tennis",rac-roi-cua-chu-tich-cau-lac-bo-tennis,https://cdn.vinahentai.cloud/manga-posters/e9715800-662e-43a8-afe3-330b343404e9-1780559829-1780560363253-6d228922.webp,pending
20,"Giao Kèo Nguy Hiểm Và Người Đẹp Nhà Bên",giao-keo-nguy-hiem-va-nguoi-dep-nha-ben,https://cdn.vinahentai.cloud/story-images/image-1779796101890-95d13a47.webp,pending
21,"Tôi Được Giao Nhiệm Vụ Địt Hết Gái Chung Cư",toi-duoc-giao-nhiem-vu-dit-het-gai-chung-cu,https://cdn.vietmanhwa.com/story-images/8871930839_191505828_f2e7ae042057ff0d63feb467f64de1b8-1779518122989-b0dbce21.webp,pending
22,"Nàng Hàng Xóm Gợi Cảm Đã Có Chồng",nang-hang-xom-goi-cam-da-co-chong,https://cdn.vietmanhwa.com/story-images/download-1779215550459-422f04a6.webp,pending
23,"Set-up",set-up,https://cdn.vinahentai.cloud/test/story-images/poster-6929b43abbc2f5ddd2de54c2-w575-1770345689220-4142fcf9.webp,pending
24,"Từ Loser Thành Ma Cà Rồng",tu-loser-thanh-ma-ca-rong,https://cdn.vietmanhwa.com/story-images/693c31387b1b1-1779059957627-93ecb229.webp,pending
25,"Ác Tính Bẩm Sinh",ban-chat-ta-ac-ngay-tu-khi-sinh-ra-2,https://cdn.vietmanhwa.com/story-images/download-1778865291919-157411cf.jpg,pending
26,"Vợ Tôi Là Thiếu Nữ Ma Pháp Bá Đạo",vo-toi-la-thieu-nu-ma-phap-ba-dao,https://cdn.vietmanhwa.com/story-images/tqqrjlkld301uyswpkp89lui-1779035456819-926d068d.webp,pending
27,"Mỗi Tòa Nhà Một Giao Diện",moi-toa-nha-mot-giao-dien,https://cdn.vinahentai.cloud/test/story-images/poster-690f577f53d8b46f56825d56-w575-1770345622709-357d6f78.webp,pending
28,"Ăn mẹ cô trước",an-me-co-truoc,https://cdn.vinahentai.cloud/manga-posters/8292851f-375d-471c-92c1-c2347914db5f-1774192392682-603c20fc.jpg,pending
29,"Nỗ Lực Của Gia Sư",no-luc-cua-gia-su,https://cdn.vinahentai.cloud/test/story-images/poster-690b6b216da36d5ac75236d5-w575-1770345615726-50326b8c.webp,pending
30,"Ero: Công chúa khuất phục",ero-cong-chua-khuat-phuc,https://cdn.vinahentai.cloud/test/story-images/poster-69577002a042a6d66101de6f-w575-1770345861145-ac34c581.webp,pending
31,"Bị Nữ Chiến Binh Săn Đuổi Ở Dị Giới",bi-nu-chien-binh-san-%C4%91uoi-o-di-gioi,https://cdn.vinahentai.cloud/story-images/download-1775073453099-78cbc622.webp,pending
32,"Thuần Hóa Cô Chị Kế Của Tôi",thuan-hoa-co-chi-ke-cua-toi,https://cdn.vinahentai.cloud/story-images/download-1778068445623-09a5b0d4.webp,pending
33,"Gia Đình Mới Của Tôi",gia-inh-moi-cua-toi,https://cdn.vinahentai.cloud/test/story-images/poster-6939b50807a7b5dfeb96c641-w575-1770345721105-25621aa3.webp,pending
34,"Nhân loại ngày mạt thế",nhan-loai-ngay-mat-the,https://cdn.vinahentai.cloud/story-images/download-1778194549546-9ba5622a.webp,pending
35,"Cô Bạn Đại Học Damdang Của Tôi",co-ban-ai-hoc-damdang-cua-toi,https://cdn.vinahentai.cloud/test/story-images/poster-6908773041fe4d473a6656f8-w575-1770345609874-7505388d.webp,pending
36,"Tỉnh Dậy Được Skin Girl, Từ Newbie Thành Gái Dâm Huyền Thoại",tinh-day-uoc-skin-girl-tu-newbie-thanh-gai-dam-huyen-thoai,https://cdn.vietmanhwa.com/story-images/download-1774209813648-6d019380.webp,pending
37,"Tân Sinh Viên Chưa Kịp Học, Đã Kịp Chịch",tan-sinh-vien-chua-kip-hoc-a-kip-chich,https://cdn.vinahentai.cloud/story-images/download-1774213574496-39beb44b.webp,pending
38,"Ân huệ trời ban",an-hue-troi-ban,https://cdn.vinahentai.cloud/test/story-images/poster-691b228ab44c3e063fdc81a1-w575-1770345635922-676d5d2e.webp,pending
39,"Bắt Đầu Trò Chơi",bat-au-tro-choi,https://cdn.vinahentai.cloud/test/story-images/poster-6921d5bf16dbf3f71599e017-w575-1770348303326-29c5d766.webp,pending
40,"Điều cấm kỵ với người thân kế – Nhật ký giọng nói 18+",%C4%91ieu-cam-ky-voi-nguoi-than-ke-nhat-ky-giong-noi-18,https://cdn.vinahentai.cloud/test/story-images/poster-695609b629831d1091c69bd8-w575-1770345857804-3f965ea2.webp,pending
41,"Tôi đã được hoán đổi thân xác",toi-a-uoc-hoan-oi-than-xac,https://cdn.vinahentai.cloud/test/story-images/poster-69024813bd94abd6386204e2-w575-1770348137429-acda35aa.webp,pending
42,"Kỳ Nghỉ Ướt Ác [KHÔNG CHE]",ky-nghi-uot-ac-khong-che,https://cdn.vinahentai.cloud/story-images/tai-xuong-1774094009441-ed833cd2.webp,pending
43,"Đảo nghịch lý",%C4%91ao-nghich-ly,https://cdn.vinahentai.cloud/manga-posters/3791d749-0e55-4951-91c8-5759b47dfe9c-1768743749-1773288368416-ff7c89c8.webp,pending
44,"Biệt Thự Thiên Đường",biet-thu-thien-%C4%91uong,https://cdn.vinahentai.cloud/test/story-images/poster-697741562cedb60014c01481-w575-1770346117309-8a3d9889.webp,pending
45,"""Cứng"" Trong Mọi Tình Huống",cung-trong-moi-tinh-huong,https://cdn.vinahentai.cloud/test/story-images/poster-69543bf57566928f504768a4-w575-1770345842063-bb8a6025.webp,pending
46,"Chiến Đi Cùng Mẹ Kế [KHÔNG CHE]",chien-%C4%91i-cung-me-ke-khong-che,https://cdn.vinahentai.cloud/manga-posters/25726848-3dcf-45ad-b02e-2cfdf95cdc07-1771443588-1771448708324-b6f78615.jpg,pending
47,"Người Tôi Phải Bảo Vệ Là Con Gái Kẻ Giết Cha Tôi",nguoi-toi-phai-bao-ve-la-con-gai-ke-giet-cha-toi,https://cdn.vinahentai.cloud/story-images/download-1775314198346-8e5f1acc.webp,pending
48,"Cô giáo Yunji",co-giao-yunji,https://cdn.vinahentai.cloud/test/story-images/poster-69132e22005e0c31ad105111-w575-1770345630140-8a6d5db2.webp,pending
49,"Lỗ đã mở",lo-%C4%91a-mo,https://cdn.vinahentai.cloud/test/story-images/poster-69781c609542fd19827c323a-w575-1770346777230-be686060.webp,pending
50,"Tôi Là Bảo Vệ Gác Đêm Có Chiếc Điện Thoại Thôi Miên",toi-la-bao-ve-gac-%C4%91em-co-chiec-%C4%91ien-thoai-thoi-mien,https://cdn.vinahentai.cloud/story-images/download-1774299315315-481c3126.webp,pending
51,"Nghĩa Vụ Quân Sự Toàn Gái Xinh",nghia-vu-quan-su-toan-gai-xinh,https://cdn.vinahentai.cloud/story-images/download-1773419444863-627c53bb.webp,pending
52,"Câu Lạc Bộ Bí Mật Của Những Người Vợ Thị Trấn Mới",cau-lac-bo-bi-mat-cua-nhung-nguoi-vo-thi-tran-moi,https://cdn.vinahentai.cloud/test/story-images/poster-692d9eb9873b418e775b5897-w575-1770348016503-dbd68a03.webp,pending
53,"TIỆM XĂM NÓNG BỎNG",tiem-xam-nong-bong,https://cdn.vinahentai.cloud/test/story-images/poster-695f1dac6356ea4aae296738-w575-1770348335022-bbfe1c2b.webp,pending
54,"Phù Thủy Quyền Lực",phu-thuy-quyen-luc,https://cdn.vinahentai.cloud/test/story-images/poster-6921930016dbf3f7159914c0-w575-1770345675929-edeb6b17.webp,pending
55,"Orc and Students",orc-and-students,https://cdn.vinahentai.cloud/manga-posters/6751f4ae-9d6b-4e70-9e3d-4b8794dc0d8b-1773566804-1773569201339-5c783298.jpg,pending
56,"Ai Đó Ngăn Cô Ấy Lại Trước Khi Quá Muộn (Không che + SFX)",ai-o-ngan-co-ay-lai-truoc-khi-qua-muon-khong-che-sfx,https://cdn.vinahentai.cloud/test/story-images/poster-693ed088e010b611b6adab2e-w575-1770348001148-ebd2e71f.webp,pending
57,"Hôm nay Han Yoil là phụ nữ - Phiên bản LUXsumildo",hom-nay-han-yoil-la-phu-nu-phien-ban-luxsumildo,https://cdn.vinahentai.cloud/manga-posters/68997b41-f7bf-45f9-9d91-8b6b3cb19576-1773252542-1773256038407-5f06b795.jpg,pending
58,"Tên trộm may mắn",ten-trom-may-man,https://cdn.vinahentai.cloud/story-images/u-ufutusu-_005_clean-1772847039363-751a2455.webp,pending
59,"Bán thân lấy xèng",ban-than-lay-xeng,https://cdn.vinahentai.cloud/story-images/go_001-1772845461663-41f7b631.webp,pending
60,"CEO And Bodyguard - Cumback",ceo-and-bodyguard-cumback,https://cdn.vinahentai.cloud/manga-posters/564f446c-c411-4c4b-99aa-3c3aeffa0d70-1771198677-1771204334566-e3861cb7.jpg,pending
61,"Kẻ bắt nạt",ke-bat-nat,https://cdn.vinahentai.cloud/story-images/page_44-1772249215740-e6bf1a8c.webp,pending
62,"Chiến Đi Với Mẹ Kế [KHÔNG CHE]",chien-%C4%91i-voi-me-ke-khong-che,https://cdn.vinahentai.cloud/manga-posters/25726848-3dcf-45ad-b02e-2cfdf95cdc07-1771443588-1771445103338-30323aaa.jpg,pending
63,"Sex for Survival",sex-for-survival,https://cdn.vinahentai.cloud/manga-posters/429c676a-e249-4bcf-afb4-dba49eb7e3a4-1770779538356-cd616605.jpg,pending
64,"Nhà Của Mẹ Và Con Gái",nha-cua-me-va-con-gai-2,https://cdn.vinahentai.cloud/story-images/download-1770650906273-fe5f0fb0.webp,pending
65,"Hàng Khủng Của Con Rể Tỉ Phú",hang-khung-cua-con-re-ti-phu,https://cdn.vinahentai.cloud/test/story-images/poster-6939ecc207a7b5dfeb97b974-w575-1770345722500-b4aee48b.webp,pending
66,"Thèm chén mẹ kế",them-chen-me-ke,https://cdn.vinahentai.cloud/manga-posters/9368d793-d6e4-4785-82da-da80876f4d77-1770604720414-b03aad6f.jpg,pending
67,"Thích Và Đăng Kí Cho Em Đi",thich-va-%C4%91ang-ki-cho-em-%C4%91i,https://cdn.vinahentai.cloud/manga-posters/d551cc46-dfd3-4dbd-8390-3cfc19d2bc2a-1770579222652-db45268a.jpg,pending
68,"Gái Điếm",gai-%C4%91iem,https://cdn.vinahentai.cloud/manga-posters/06f3928a-c119-42f1-9119-210b528eed1d-1770525115-1770534392693-1a425eee.jpg,pending
69,"Sống chung với dì",song-chung-voi-di,https://cdn.vinahentai.cloud/manga-posters/754ae357-da97-4c0a-be9c-cccccf1eb9f3-1770520875438-a6bc4b00.jpg,pending
70,"Tôi sẽ bảo vệ bạn",toi-se-bao-ve-ban,https://cdn.vinahentai.cloud/manga-posters/f4ebb9d9-2cda-45d0-af81-b05895e85a01-1761750964-1770407530832-6fcdbcd8.jpg,pending
71,"Bạn gái của bạn thật tuyệt vời",ban-gai-cua-ban-that-tuyet-voi,https://cdn.vinahentai.cloud/manga-posters/c8caae26-0b93-4af1-ae50-43c9214cbb30-1770404129524-6ad5a09e.webp,pending
72,"Người Đàn Ông Của Mọi Người",nguoi-%C4%91an-ong-cua-moi-nguoi,https://cdn.vinahentai.cloud/test/story-images/poster-69850ecdf2cbc98706a41b73-w575-1770346434736-e6b4c3bd.jpg,pending
73,"Mẹ Vợ Vẫn Là Tuyệt Nhất",me-vo-van-la-tuyet-nhat,https://cdn.vinahentai.cloud/test/story-images/poster-6924a0cb3cdb13b4d0a813fa-w575-1770338422100-5d69aac2.webp,pending
74,"The Lowest Of Humankind",the-lowest-of-humankind,https://cdn.vinahentai.cloud/test/story-images/poster-697edc8abd8e4eb0b6215509-w575-1770348349338-5fad7993.jpg,pending
75,"Sự Ràng Buộc Của Lilith",su-rang-buoc-cua-lilith,https://cdn.vinahentai.cloud/test/story-images/poster-69845b5257bcd06a926638f6-w575-1770346859302-04ca7e5a.jpg,pending
76,"Chung giường với gái",chung-giuong-voi-gai,https://cdn.vinahentai.cloud/test/story-images/poster-698428c857bcd06a925b707d-w575-1770347131029-fcfe3c72.jpg,pending
77,"Hiệp Nữ Song Tu Lục",hiep-nu-song-tu-luc,https://cdn.vinahentai.cloud/test/story-images/poster-695312918eb5e6abbcbbab34-w575-1770345835788-8ce533ab.webp,pending
78,"Người chơi mới cấp cao nhất",nguoi-choi-moi-cap-cao-nhat,https://cdn.vinahentai.cloud/test/story-images/poster-698299827757275c69d396db-w575-1770346213593-cb3959fc.webp,pending
79,"Phu nhân",phu-nhan,https://cdn.vinahentai.cloud/test/story-images/poster-6981eb75a6f91bfe8a681c77-w575-1770346799893-91353ce4.webp,pending
80,"Shipper số đỏ",shipper-so-%C4%91o,https://cdn.vinahentai.cloud/test/story-images/poster-6980b3a3a6f91bfe8a38669f-w575-1770347646438-a08c8b0b.jpg,pending
81,"Đảo nghịch giới tính",%C4%91ao-nghich-gioi-tinh,https://cdn.vinahentai.cloud/test/story-images/poster-69801960a6f91bfe8a1f8814-w575-1770347715548-d8e43067.jpg,pending
82,"Ta Là Giáo Chủ Cuồng Giáo",ta-la-giao-chu-cuong-giao,https://cdn.vinahentai.cloud/story-images/download-1771368050095-9a28db6b.webp,pending
83,"Một mối quan hệ phức tạp",mot-moi-quan-he-phuc-tap,https://cdn.vinahentai.cloud/test/story-images/poster-697ff592a6f91bfe8a1c7203-w575-1770346705954-a0ac569a.webp,pending
84,"Đứa con thứ 17",%C4%91ua-con-thu-17,https://cdn.vinahentai.cloud/test/story-images/poster-697f330dbd8e4eb0b633ac4e-w575-1770347640881-bd4f2563.jpg,pending
85,"Tôi Xuyên Không Vào Tiểu Thuyết Võ Hiệp",toi-xuyen-khong-vao-tieu-thuyet-vo-hiep,https://cdn.vinahentai.cloud/test/story-images/poster-697f2275bd8e4eb0b630da12-w575-1770347152848-376b7017.jpg,pending
86,"Huấn Luyện Viên Thể Hình",huan-luyen-vien-the-hinh,https://cdn.vinahentai.cloud/test/story-images/poster-697f0812bd8e4eb0b62b61e3-w575-1770346815894-f35175b0.webp,pending
87,"Hải nữ thực tập [Intern Haenyeo]",hai-nu-thuc-tap-intern-haenyeo,https://cdn.vinahentai.cloud/test/story-images/poster-697809989542fd1982798c33-w575-1770346771652-24e7f26e.webp,pending
88,"Tình Và Tiền",tinh-va-tien,https://cdn.vinahentai.cloud/test/story-images/poster-6931a7a1047e687eda6bdc4c-w575-1770345700352-7deb6815.webp,pending
89,"Chào Mừng Đến Với Văn Hóa MILF",chao-mung-%C4%91en-voi-van-hoa-milf,https://cdn.vinahentai.cloud/test/story-images/poster-694f89842760c1ec6bd0e946-w575-1770348302953-64a20986.webp,pending
90,"Sẽ thật tuyệt nếu làm chuyện đó trong tù",se-that-tuyet-neu-lam-chuyen-%C4%91o-trong-tu,https://cdn.vinahentai.cloud/test/story-images/poster-69773e18f155012de84e1e41-w575-1770346116709-ce091306.webp,pending
91,"Khóa học tự vệ",khoa-hoc-tu-ve,https://cdn.vinahentai.cloud/test/story-images/poster-692da0ec873b418e775b6c91-w575-1770348302360-ef7c240f.webp,pending
92,"Thuần Phục Gái Hư",thuan-phuc-gai-hu,https://cdn.vinahentai.cloud/test/story-images/poster-69773b362cedb60014bef5ae-w575-1770346684555-b002b822.jpg,pending
93,"Bạn gái tôi đã được huấn luyện",ban-gai-toi-%C4%91a-%C4%91uoc-huan-luyen,https://cdn.vinahentai.cloud/test/story-images/poster-697739522cedb60014be9095-w575-1770348301670-5509165a.webp,pending
94,"Mẹ Bạn Là Của Tôi",me-ban-la-cua-toi,https://cdn.vinahentai.cloud/test/story-images/poster-696cbc61054b23c7a7994726-w575-1770348288689-7c8c2223.webp,pending
95,"Váy của chị dâu",vay-cua-chi-dau,https://cdn.vinahentai.cloud/test/story-images/poster-69722a044ecf01e475f4e974-w575-1770345127747-6357510b.jpg,pending
96,"Cô giáo võ thuật kế bên",co-giao-vo-thuat-ke-ben,https://cdn.vinahentai.cloud/test/story-images/poster-6971e4f0c4aa5f0aef0375a4-w575-1770344564414-24861100.jpg,pending
97,"Anh chị em kế",anh-chi-em-ke,https://cdn.vinahentai.cloud/test/story-images/poster-695910803a7eee8084d59e8c-w575-1770348207306-35837142.webp,pending
98,"Ông Hoàng Của Sự Chú Ý",ong-hoang-cua-su-chu-y,https://cdn.vinahentai.cloud/test/story-images/poster-6910a2cc7d7ada0ba8a20912-w575-1770348206483-abf02f47.webp,pending
99,"Tôi Có Thể Nhìn Thấy Những Dục Vọng",toi-co-the-nhin-thay-nhung-duc-vong,https://cdn.vinahentai.cloud/test/story-images/poster-693ec4b3e010b611b6ac8469-w575-1770345738082-1096fcb9.webp,pending
100,"Đã Ký, Đã Nhầm Lẫn, Đã Đóng Dấu",a-ky-a-nham-lan-a-ong-dau,https://cdn.vinahentai.cloud/test/story-images/poster-69072cfab3b7d028bac028a5-w575-1770345606635-d374f7ad.jpg,pending
101,"Chương Trình Tạp Kĩ Đêm Khuya",chuong-trinh-tap-ki-%C4%91em-khuya,https://cdn.vinahentai.cloud/test/story-images/poster-696b8554de84dbbcef5366f4-w575-1770348205389-400412b2.jpg,pending
102,"Tấn Công Và Chinh Phục",tan-cong-va-chinh-phuc,https://cdn.vinahentai.cloud/test/story-images/poster-693c4bdae36dd40dc08dcd7c-w575-1770348199899-e52d2934.webp,pending
103,"Tuyết Và Sô Cô La",tuyet-va-so-co-la,https://cdn.vinahentai.cloud/test/story-images/poster-69844dda57bcd06a9263bff3-w575-1770348197239-df877062.jpg,pending
104,"Bố chồng tôi địt hết bọn họ",bo-chong-toi-it-het-bon-ho,https://cdn.vinahentai.cloud/test/story-images/poster-69038dcb50c22e85424d8aac-w575-1770348182298-f160f72f.jpg,pending
105,"Giáng Sinh Dục Vọng (Không Che)",giang-sinh-duc-vong-khong-che,https://cdn.vinahentai.cloud/test/story-images/poster-694d9ca3a72fe0b5ff033477-w575-1770348172328-1713bd9a.webp,pending
106,"Tổng hợp NTR Manhwa",tong-hop-ntr-manhwa,https://cdn.vinahentai.cloud/test/story-images/poster-69401deec926dae34cb50d83-w575-1770348171296-a685031f.webp,pending
107,"Nhưng Em Lại Bằng Tuổi Với Con Gái Chị",nhung-em-lai-bang-tuoi-voi-con-gai-chi,https://cdn.vinahentai.cloud/test/story-images/poster-692a8e1f9a2cbe1b6c3b48e7-w575-1770345690287-a607b44d.webp,pending
108,"Con Gái Của Tôi",con-gai-cua-toi,https://cdn.vinahentai.cloud/test/story-images/poster-693e4c2bf817756a060a958f-w575-1770345736867-70615963.webp,pending
109,"Học Trò Độc Nhất",hoc-tro-%C4%91oc-nhat,https://cdn.vinahentai.cloud/manga-posters/ddbb965e-3604-44c9-b9a4-52ae9d38621b-1767529921-1773044998584-229258b3.jpg,pending
110,"Vượt quá giới hạn tình yêu",vuot-qua-gioi-han-tinh-yeu,https://cdn.vinahentai.cloud/test/story-images/poster-68e48ee49ecb3c720725a6e3-w575-1770348137097-12ae97f5.webp,pending
111,"Yu Iseol và ông chủ khách điếm",yu-iseol-va-ong-chu-khach-%C4%91iem,https://cdn.vinahentai.cloud/test/story-images/poster-69590fe9a271a55bb592c5e7-w575-1770348129759-c82539b5.webp,pending
112,"Tình Yêu Băng Giá",tinh-yeu-bang-gia,https://cdn.vinahentai.cloud/manga-posters/ea04de69-8578-4213-a802-57b6f8edb293-1767423608-1773006987788-91aa0cba.jpg,pending
113,"Thanh niên số hưởng",thanh-nien-so-huong,https://cdn.vinahentai.cloud/test/story-images/poster-697ee2a0bd8e4eb0b6226308-w575-1770348125928-e923f0a2.jpg,pending
114,"Công Việc Thú Vị",cong-viec-thu-vi,https://cdn.vinahentai.cloud/test/story-images/poster-6921920924c7c456e4149ce3-w575-1770348118310-834ce1ad.webp,pending
115,"Chế Độ Đối Kháng Đời Thực",che-o-oi-khang-oi-thuc,https://cdn.vinahentai.cloud/test/story-images/poster-6921d75f16dbf3f71599e7e0-w575-1770348108899-29b1831d.webp,pending
116,"Màn Mưa",man-mua,https://cdn.vinahentai.cloud/test/story-images/poster-6982a65e7757275c69d4da8f-w575-1770348103077-3bd8d28f.jpg,pending
117,"Do you like to EXRCISE",do-you-like-to-exrcise,https://cdn.vinahentai.cloud/test/story-images/poster-6981f161a6f91bfe8a6909ba-w575-1770348055235-3cf16aab.jpg,pending
118,"Cô nàng nóng bỏng giỏi bóng đá",co-nang-nong-bong-gioi-bong-a,https://cdn.vinahentai.cloud/test/story-images/poster-691c64360f4c125f7c35035c-w575-1770348031492-f2cd3c8d.webp,pending
119,"Xuyên đến thế giới mà sự trong trắng bị đảo lộn",xuyen-en-the-gioi-ma-su-trong-trang-bi-ao-lon,https://cdn.vinahentai.cloud/test/story-images/poster-69417404594cdea2b5936788-w575-1770348016143-7ffdd7b3.webp,pending
120,"Những mẩu truyện tục tĩu Phần 1",nhung-mau-truyen-tuc-tiu-phan-1,https://cdn.vinahentai.cloud/test/story-images/poster-693c12d0e36dd40dc088df0d-w575-1770345728595-a2337d44.webp,pending
121,"Nô bộc ký",no-boc-ky,https://cdn.vinahentai.cloud/test/story-images/poster-6939da9107a7b5dfeb978a64-w575-1770347958300-09a39de0.webp,pending
122,"Tiệc bể bơi",tiec-be-boi,https://cdn.vinahentai.cloud/test/story-images/poster-693975dd4c79af14df4ab348-w575-1770347955324-f6898ebe.webp,pending
123,"Em Không Nhịn Được Nữa Đâu, Chị Dâu à",em-khong-nhin-uoc-nua-au-chi-dau-a,https://cdn.vinahentai.cloud/test/story-images/poster-6921de5116dbf3f7159a0149-w575-1770347926024-16097079.webp,pending
124,"Mùa Hướng Dương Thầm Thì",mua-huong-duong-tham-thi,https://cdn.vinahentai.cloud/test/story-images/poster-6936c7ed1fcb821fd6ea5837-w575-1770347924375-8d00be60.jpg,pending
125,"Nhà Của Mẹ Và Con Gái",nha-cua-me-va-con-gai,https://cdn.vinahentai.cloud/manga-posters/48c42a84-0d4f-4234-a3ce-b3c148c25d97-1765184896-1770395532638-e53a2461.jpg,pending
126,"Lên đỉnh đêm khuya",len-inh-em-khuya,https://cdn.vinahentai.cloud/test/story-images/poster-692e76c254a0a5b5dad48e58-w575-1770347892010-f1dc7c34.jpg,pending
127,"Quán cafe thiên đường",quan-cafe-thien-uong,https://cdn.vinahentai.cloud/test/story-images/poster-6923805716dbf3f715a0f10e-w575-1770347709975-628ce42a.jpg,pending
128,"Quản lý à, mắng tôi nữa đi",quan-ly-a-mang-toi-nua-i,https://cdn.vinahentai.cloud/test/story-images/poster-692190aa24c7c456e4149b6d-w575-1770347823506-8e2a229a.jpg,pending
129,"Cuộc Đời Dân Tổ",cuoc-oi-dan-to,https://cdn.vinahentai.cloud/test/story-images/poster-69218f4524c7c456e4149940-w575-1770347823164-ebe26af6.jpg,pending
130,"Lựa Chọn TÌnh Yêu",lua-chon-tinh-yeu,https://cdn.vinahentai.cloud/story-images/love-choice-official-1771043812235-a7eaf6fc.webp,pending
131,"Nhặt được em ở bãi rác và bí ẩn",nhat-uoc-em-o-bai-rac-va-bi-an,https://cdn.vinahentai.cloud/test/story-images/poster-6919bf9fd017c14eb062993f-w575-1770347789032-32153af7.webp,pending
132,"Hương Vị Trái Cấm",huong-vi-trai-cam,https://cdn.vinahentai.cloud/test/story-images/poster-68e1a6f67d4f58a33b650acc-w575-1770345584579-98035ff0.webp,pending
133,"Bạn gái của bạn thân",ban-gai-cua-ban-than,https://cdn.vinahentai.cloud/test/story-images/poster-68e1a9761d73ad33622dc36a-w575-1770347625313-ec9cee47.webp,pending
134,"Sứ Mệnh Người Anh",su-menh-nguoi-anh,https://cdn.vinahentai.cloud/test/story-images/poster-68e19f721d73ad33622dbfe1-w575-1770347625652-3aa9442f.webp,pending
135,"Gu Tôi Là Kẻ Biến Thái",gu-toi-la-ke-bien-thai,https://cdn.vinahentai.cloud/test/story-images/poster-6910a5507d7ada0ba8a20bca-w575-1770347744684-079f520f.jpg,pending
136,"Thỏa Thuận Đổi Đời",thoa-thuan-%C4%91oi-%C4%91oi,https://cdn.vinahentai.cloud/manga-posters/44a0b7b8-4434-4ddf-aa7f-61ee3d3b216c-1762600561-1770801178199-e81377c1.jpg,pending
137,"Ứng Dụng Gây Nghiện",ung-dung-gay-nghien,https://cdn.vinahentai.cloud/manga-posters/7ec0f37d-56fe-4084-bce3-a80d0d8c7ce7-1762294083-1770821299859-aa31d6cc.jpg,pending
138,"Chơi Game Khiêu Dâm Trong Đời Thực",choi-game-khieu-dam-trong-%C4%91oi-thuc,https://cdn.vinahentai.cloud/manga-posters/62830e14-ca5a-4112-8050-7e2e334a117b-1762024563-1770513204704-bf9f0b08.jpg,pending
139,"Xổ Số Dâm Dục",xo-so-dam-duc,https://cdn.vinahentai.cloud/manga-posters/8ae261f6-1f69-476e-86bf-fa05d6e66d90-1762024561-1772225407257-1e4f3246.jpg,pending
140,"Điểm nứng",%C4%91iem-nung,https://cdn.vinahentai.cloud/test/story-images/poster-698410cf57bcd06a92581862-w575-1770347715750-46c90bb2.jpg,pending
141,"Máy Chịch Công Sở",may-chich-cong-so,https://cdn.vinahentai.cloud/manga-posters/e954a295-9cd1-4144-94fa-ab7cb00c7f3c-1762020481-1770773230541-e302863c.jpg,pending
142,"Bái sư chịch gái",bai-su-chich-gai,https://cdn.vinahentai.cloud/test/story-images/poster-6923898316dbf3f715a109ad-w575-1770347712532-070f24a5.jpg,pending
143,"Phu nhân khát tình",phu-nhan-khat-tinh,https://cdn.vinahentai.cloud/test/story-images/poster-6923865824c7c456e41c9223-w575-1770347712043-7c17aa45.webp,pending
144,"Lớp nhảy mỹ nhân",lop-nhay-my-nhan,https://cdn.vinahentai.cloud/test/story-images/poster-69237e1b16dbf3f715a0ea92-w575-1770347709751-191c1498.jpg,pending
145,"Mai mối hôn nhân",mai-moi-hon-nhan,https://cdn.vinahentai.cloud/test/story-images/poster-6905e0ffb316779c2f10b484-w575-1770347705516-ad8b9f10.jpg,pending
146,"Quyết Thề Bảo Vệ Người",quyet-the-bao-ve-nguoi,https://cdn.vinahentai.cloud/manga-posters/47dbbf3e-5534-4e17-98f4-95f9e4e7b857-1761761286-1770440941229-495a752d.jpg,pending
147,"Gia sư mùa Hovid",gia-su-mua-hovid,https://cdn.vinahentai.cloud/test/story-images/poster-697ec4d2bd8e4eb0b61dd973-w575-1770347702126-8465bffb.webp,pending
148,"Mọi thứ về mẹ kế",moi-thu-ve-me-ke,https://cdn.vinahentai.cloud/test/story-images/poster-6980b1c6a6f91bfe8a37f9e5-w575-1770347701783-ba6dda55.jpg,pending
149,"Đôi Chân Trần",oi-chan-tran,https://cdn.vinahentai.cloud/test/story-images/poster-6922512f24c7c456e416d96c-w575-1770347701477-c4f5a406.jpg,pending
150,"Đỉnh Cao Leo Núi",inh-cao-leo-nui,https://cdn.vinahentai.cloud/test/story-images/poster-69048e0f7793d07d250b9ca3-w575-1770347697739-b73c0531.jpg,pending
151,"Nữ Nhi Đảo",nu-nhi-ao,https://cdn.vinahentai.cloud/test/story-images/poster-69024a05bd94abd6386206d6-w575-1770347696952-ecea78d3.jpg,pending
152,"Nàng Milf Ngây Thơ",nang-milf-ngay-tho,https://cdn.vinahentai.cloud/manga-posters/bd6d344e-fb4c-451c-9e6e-4662ca881f57-1761599281-1770584085464-49121433.jpg,pending
153,"Giao Kèo Nguy Hiểm Và Người Phụ Nữ Nhà Bên",giao-keo-nguy-hiem-va-nguoi-phu-nu-nha-ben,https://cdn.vinahentai.cloud/manga-posters/3cd0e2b8-3f69-4133-bac2-e1ce0022630d-1761595681-1773002124883-c22d3a37.jpg,pending
154,"Bí mật trường học",bi-mat-truong-hoc,https://cdn.vinahentai.cloud/manga-posters/e3a640bd-b282-481b-9d3f-3928488169ba-1759850168-1770594318768-84cb59cc.jpg,pending
155,"Gia sư cả mẹ và con",gia-su-ca-me-va-con,https://cdn.vinahentai.cloud/test/story-images/poster-697f3fccbd8e4eb0b63581d0-w575-1770347689809-72cc4f10.jpg,pending
156,"Cô có chồng rồi mà",co-co-chong-roi-ma,https://cdn.vinahentai.cloud/test/story-images/poster-6984356357bcd06a925e8192-w575-1770347680335-c92da46b.jpg,pending
157,"Vườn ánh trăng",vuon-anh-trang,https://cdn.vinahentai.cloud/manga-posters/98589ce9-8af2-4e99-ab71-ba1173827bbf-1752694804-1770450470996-e6620566.jpg,pending
158,"Thế Giới Thiếu Thốn Đàn Ông",the-gioi-thieu-thon-%C4%91an-ong,https://cdn.vinahentai.cloud/manga-posters/eb5a95eb-b637-431d-b792-bf0abc3e2798-1760804321-1770775185165-1ea53c20.webp,pending
159,"Khế Ước Giết Bạn Đời Tương Lai",khe-uoc-giet-ban-%C4%91oi-tuong-lai,https://cdn.vinahentai.cloud/manga-posters/ea2725df-edab-4277-824b-a6efca601975-1755918481-1770416565047-4d250a43.jpg,pending
160,"A Dangerous Deal and The Girl Next Door",a-dangerous-deal-and-the-girl-next-door,https://cdn.vinahentai.cloud/manga-posters/b10ba090-dc43-4413-8be4-e28e6a8e41c0-1756804081-1770416335901-0bae0124.jpg,pending
161,"Làm game khiêu dâm",lam-game-khieu-dam,https://cdn.vinahentai.cloud/test/story-images/poster-69800947a6f91bfe8a1e0f83-w575-1770347640621-701b409d.jpg,pending
162,"Vinh quang khải hoàn",vinh-quang-khai-hoan,https://cdn.vinahentai.cloud/manga-posters/2af0c44d-6a5c-47a9-9a12-252057bec2d7-1751825284-1770516948045-8802786c.jpg,pending
163,"Cách học của tôi",cach-hoc-cua-toi,https://cdn.vinahentai.cloud/test/story-images/poster-6981e081a6f91bfe8a668955-w575-1770347640145-47d9f7b2.jpg,pending
164,"Nước tràn hồ bơi",nuoc-tran-ho-boi,https://cdn.vinahentai.cloud/test/story-images/poster-68e3dc4d7ee3572b628f998b-w575-1770347637589-438c8548.jpg,pending
165,"Nhóm học làm tình",nhom-hoc-lam-tinh,https://cdn.vinahentai.cloud/test/story-images/poster-68e3d8e0d61d9ee0433abf04-w575-1770347637851-7d8acd0a.jpg,pending
166,"Thông Số Tình Yêu",thong-so-tinh-yeu,https://cdn.vinahentai.cloud/test/story-images/poster-68e3d85cd61d9ee0433abeb7-w575-1770347637390-4ebabd7a.jpg,pending
167,"Hãy giữ bí mật chuyện này với mẹ con nha",hay-giu-bi-mat-chuyen-nay-voi-me-con-nha,https://cdn.vinahentai.cloud/test/story-images/poster-68e3d6a57ee3572b628f980a-w575-1770347636946-62b8a399.jpg,pending
168,"Quyền năng chịch gái",quyen-nang-chich-gai,https://cdn.vinahentai.cloud/test/story-images/poster-68e3d2137ee3572b628f96d6-w575-1770347636730-32ad8f1b.jpg,pending
169,"Pheromones - Chất dẫn dục",pheromones-chat-dan-duc,https://cdn.vinahentai.cloud/test/story-images/poster-68e3d3e3d61d9ee0433abd6c-w575-1770345588708-6e0df151.webp,pending
170,"Tiếng ồn phòng bên",tieng-on-phong-ben,https://cdn.vinahentai.cloud/test/story-images/poster-68e2e6998a205502ed99289c-w575-1770347635795-a813e052.jpg,pending
171,"Cuộc sống sinh viên",cuoc-song-sinh-vien,https://cdn.vinahentai.cloud/test/story-images/poster-68e2e9158a205502ed9928d1-w575-1770347635099-2662e0c9.jpg,pending
172,"Như là con gái",nhu-la-con-gai,https://cdn.vinahentai.cloud/test/story-images/poster-68e2e767a5d5ef6634b53d30-w575-1770347634900-faca51f7.jpg,pending
173,"Gia sư với mẹ MILF",gia-su-voi-me-milf,https://cdn.vinahentai.cloud/test/story-images/poster-68e2ebc98a205502ed99292a-w575-1770347634717-71c3a8f0.jpg,pending
174,"Bạn của con gái tôi",ban-cua-con-gai-toi,https://cdn.vinahentai.cloud/test/story-images/poster-68e2e4748a205502ed992848-w575-1770347634505-7630da18.jpg,pending
175,"Chạy Trốn",chay-tron,https://cdn.vinahentai.cloud/test/story-images/poster-68e2c5dc8a205502ed99206c-w575-1770347633810-ded4a182.webp,pending
176,"Vui vẻ với sếp nữ",vui-ve-voi-sep-nu,https://cdn.vinahentai.cloud/test/story-images/poster-68e2c681a5d5ef6634b534c7-w575-1770347633368-c05c98f6.jpg,pending
177,"(Không che) Huấn Luyện Viên Thể Hình",khong-che-huan-luyen-vien-the-hinh,https://cdn.vinahentai.cloud/test/story-images/poster-68e2c8038a205502ed992096-w575-1770347632192-9675ada4.jpg,pending
178,"Vùng Đất Tử Thần",vung-at-tu-than,https://cdn.vinahentai.cloud/test/story-images/poster-68e2cdc78a205502ed992107-w575-1770347631217-8e2f49a9.webp,pending
179,"Bạn Gái Trở Về",ban-gai-tro-ve,https://cdn.vinahentai.cloud/test/story-images/poster-68e2cbd98a205502ed9920e5-w575-1770347631015-aee4d8a4.webp,pending
180,"Hoán đổi vợ chồng",hoan-oi-vo-chong,https://cdn.vinahentai.cloud/test/story-images/poster-68e2afb28a205502ed991aa3-w575-1770347630789-bcee93fb.jpg,pending
181,"Mẹ con cô ấy",me-con-co-ay,https://cdn.vinahentai.cloud/test/story-images/poster-68e2ae43a5d5ef6634b52f29-w575-1770347630447-61d26be6.jpg,pending
182,"Lớp học thể chất",lop-hoc-the-chat,https://cdn.vinahentai.cloud/test/story-images/poster-68e2b1a1a5d5ef6634b52f7f-w575-1770347629747-ac68e027.webp,pending
183,"Thuần Phục Hầu Gái",thuan-phuc-hau-gai,https://cdn.vinahentai.cloud/test/story-images/poster-68e2b26f8a205502ed991abd-w575-1770345586354-070dcf2f.webp,pending
184,"Lớp học gia đình",lop-hoc-gia-inh,https://cdn.vinahentai.cloud/test/story-images/poster-68e1b3411d73ad33622dc511-w575-1770345585831-23eb96bc.webp,pending
185,"Thầy giáo thực tập",thay-giao-thuc-tap,https://cdn.vinahentai.cloud/test/story-images/poster-68e1ade57d4f58a33b650d02-w575-1770347629239-ad8b1655.jpg,pending
186,"Cặp đôi S",cap-oi-s,https://cdn.vinahentai.cloud/test/story-images/poster-68e1b14b1d73ad33622dc4ff-w575-1770347628401-da63ed43.jpg,pending
187,"Gia sư khiêu gợi",gia-su-khieu-goi,https://cdn.vinahentai.cloud/test/story-images/poster-68e1b2067d4f58a33b650d2d-w575-1770347628020-f3db2c94.jpg,pending
188,"Nữ Thần Instagram",nu-than-instagram,https://cdn.vinahentai.cloud/test/story-images/poster-68e1ac057d4f58a33b650ca9-w575-1770347627392-a96d15f0.webp,pending
189,"Ngoại tình",ngoai-tinh,https://cdn.vinahentai.cloud/test/story-images/poster-68e1a1d37d4f58a33b6509a2-w575-1770347623236-32ad92eb.webp,pending
190,"Trừng Phạt Cô Giáo",trung-phat-co-giao,https://cdn.vinahentai.cloud/test/story-images/poster-68e1964a7d4f58a33b65058e-w575-1770347622932-9ded5784.jpg,pending
191,"Mẹ kế và những người bạn",me-ke-va-nhung-nguoi-ban,https://cdn.vinahentai.cloud/test/story-images/poster-68de87c83b97dd27758e54ee-w575-1770347622094-c85be280.jpg,pending
192,"Trả thù cô ta",tra-thu-co-ta,https://cdn.vinahentai.cloud/test/story-images/poster-68dfe15065c1276104e02068-w575-1770347621895-172e1805.jpg,pending
193,"Noryangjin",noryangjin,https://cdn.vinahentai.cloud/test/story-images/poster-68dfe03682287cab469fe0ad-w575-1770347621695-a1c05cf6.jpg,pending
194,"Sống chung với vợ cũ",song-chung-voi-vo-cu,https://cdn.vinahentai.cloud/test/story-images/poster-68dfd85d65c1276104e01e13-w575-1770347619272-fa167f08.webp,pending
195,"Xoa dịu em đi",xoa-diu-em-i,https://cdn.vinahentai.cloud/test/story-images/poster-68dfda1765c1276104e01ebf-w575-1770347619053-e1b6da71.jpg,pending
196,"Bầu Sữa Vú Nuôi",bau-sua-vu-nuoi,https://cdn.vinahentai.cloud/test/story-images/poster-68dfd75b65c1276104e01d86-w575-1770347618787-2794bac1.jpg,pending
197,"Chị (Noona)",chi-noona,https://cdn.vinahentai.cloud/test/story-images/poster-68df14a1f8d13a5aa7679cae-w575-1770347618460-57784839.jpg,pending
198,"Dưới mái nhà chung",duoi-mai-nha-chung,https://cdn.vinahentai.cloud/test/story-images/poster-68dfc9ba3b97dd27758e7313-w575-1770347618167-c6bc5ad5.jpg,pending
199,"Điểm yếu",iem-yeu,https://cdn.vinahentai.cloud/test/story-images/poster-68dfc7703b97dd27758e7213-w575-1770347617966-e45b2d70.jpg,pending
200,"Đừng Như Thế Mà! Con Rể",ung-nhu-the-ma-con-re,https://cdn.vinahentai.cloud/test/story-images/poster-68df0cd0f8d13a5aa7679b83-w575-1770345582313-ad7fcc3c.webp,pending
201,"Nhật Ký Ở Trọ (Không Che)",nhat-ky-o-tro-khong-che,https://cdn.vinahentai.cloud/test/story-images/poster-68de8b193b97dd27758e5504-w575-1770347616875-c6bf5e06.webp,pending
202,"Cho em năng lượng đi mà",cho-em-nang-luong-i-ma,https://cdn.vinahentai.cloud/test/story-images/poster-68de6906f8d13a5aa7678cbd-w575-1770345578993-95aadc56.webp,pending
203,"Dâm tặc tàng hình",dam-tac-tang-hinh,https://cdn.vinahentai.cloud/test/story-images/poster-68de5af53b97dd27758e4e6c-w575-1770347616645-b36ec651.jpg,pending
204,"Chiếm lại cô giáo",chiem-lai-co-giao,https://cdn.vinahentai.cloud/test/story-images/poster-6982a2c27757275c69d48531-w575-1770347615808-47943dc7.jpg,pending
205,"Sứ Mệnh Tìm Tân Nương Của Hwanung",su-menh-tim-tan-nuong-cua-hwanung,https://cdn.vinahentai.cloud/manga-posters/2c21533a-63cc-4486-8fe6-033f36b951d9-1756152961-1770445222399-eb8e2afb.jpg,pending
206,"Dịch vụ dọn dẹp",dich-vu-don-dep,https://cdn.vinahentai.cloud/test/story-images/poster-697f4d24bd8e4eb0b63770eb-w575-1770347611564-65749ebd.jpg,pending
207,"Phòng Chat Tệ Nạn- Nơi Tôi Trừng Trị Con Đĩ Bắt Nạt Mình",phong-chat-te-nan-noi-toi-trung-tri-con-i-bat-nat-minh,https://cdn.vinahentai.cloud/test/story-images/poster-68d7de7dc5111f8ef79ba159-w575-1770347608257-741c67a1.jpg,pending
208,"Người Thừa Kế",nguoi-thua-ke,https://cdn.vinahentai.cloud/manga-posters/64221ef1-3e04-4143-84f8-5aa14351cd33-1758481681-1770603468463-b5a133b1.jpg,pending
209,"Devil Drop",devil-drop,https://cdn.vinahentai.cloud/manga-posters/32521e54-e501-4459-be5c-be06e947733a-1754758801-1770461554431-286ecc9a.jpg,pending
210,"Bố vợ địt hết bọn họ",bo-vo-%C4%91it-het-bon-ho,https://cdn.vinahentai.cloud/test/story-images/poster-697f4f41bd8e4eb0b637c7b3-w575-1770347584541-5af943ae.jpg,pending
211,"24 Giờ Yêu",24-gio-yeu,https://cdn.vinahentai.cloud/manga-posters/582010b4-5388-461a-93ce-ba2974a10cba-1755238082-1770413104813-1598ad6f.jpg,pending
212,"Quản lý Mối quan hệ Nơi Công sở",quan-ly-moi-quan-he-noi-cong-so,https://cdn.vinahentai.cloud/manga-posters/305a3ccb-96ca-4afb-b1d0-ae4be0543c96-1755746161-1770436649718-92737a9a.jpg,pending
213,"Toàn trí độc giả",toan-tri-%C4%91oc-gia,https://cdn.vinahentai.cloud/test/story-images/poster-6980ac07a6f91bfe8a36b8ae-w575-1770347569597-cb338756.webp,pending
214,"My Other Girlfriend",my-other-girlfriend,https://cdn.vinahentai.cloud/test/story-images/poster-696a2f348072350ee494d941-w575-1770347538808-d2622584.jpg,pending
215,"Phải làm sao đây, Lee JiKyung",phai-lam-sao-%C4%91ay-lee-jikyung,https://cdn.vinahentai.cloud/manga-posters/5cd2c7ad-d432-4d67-a41e-9fd10d01aa87-1770782585481-da3946de.jpg,pending
216,"Trả phí bằng cơ thể",tra-phi-bang-co-the,https://cdn.vinahentai.cloud/test/story-images/poster-698144eba6f91bfe8a50f6cf-w575-1770347490873-ade10150.jpg,pending
217,"Reversed Virtues",reversed-virtues,https://cdn.vinahentai.cloud/test/story-images/poster-698104d0a6f91bfe8a4bb667-w575-1770347486872-fa7b4d2a.webp,pending
218,"Vượt quá giới hạn tình yêu season 2",vuot-qua-gioi-han-tinh-yeu-season-2,https://cdn.vinahentai.cloud/manga-posters/edf36180-b91f-48b5-ae59-8443f4dec25c-1755008161-1770511733705-dc95e2db.jpg,pending
219,"Cô Gái Trên Đảo",co-gai-tren-%C4%91ao,https://cdn.vinahentai.cloud/test/story-images/poster-6981e85fa6f91bfe8a67a7af-w575-1770347463859-3a7229cc.jpg,pending
220,"Bestfriend",bestfriend,https://cdn.vinahentai.cloud/test/story-images/poster-6982c68b7757275c69d85f57-w575-1770347460425-09f2d84b.webp,pending
221,"Refrain Love [Điệp Khúc Thăng Hoa; Yêu lại lần nữa!; Re:frain Love; 리프레인 러브]",refrain-love-%C4%91iep-khuc-thang-hoa-yeu-lai-lan-nua-refrain-love-%E1%84%85%E1%85%B5%E1%84%91%E1%85%B3%E1%84%85%E1%85%A6%E1%84%8B%E1%85%B5%E1%86%AB-%E1%84%85%E1%85%A5%E1%84%87%E1%85%B3,https://cdn.vinahentai.cloud/manga-posters/cbd5dc24-71dc-4bc5-aff7-99632c5c57f8-1770437715231-beaf9151.jpg,pending
222,"Làm ơn chịch em đi",lam-on-chich-em-%C4%91i,https://cdn.vinahentai.cloud/test/story-images/poster-697ed938bd8e4eb0b620d0cd-w575-1770347446323-4169ff3a.jpg,pending
223,"Đội bóng chuyền nồng cháy",%C4%91oi-bong-chuyen-nong-chay,https://cdn.vinahentai.cloud/test/story-images/poster-698103fea6f91bfe8a4ba14a-w575-1770347385536-fe43f1bf.webp,pending
224,"Sếp! Hãy giao con gái của ngài cho tôi",sep-hay-giao-con-gai-cua-ngai-cho-toi,https://cdn.vinahentai.cloud/manga-posters/2c5e65bb-f4f3-4cd1-9720-ae157b0f2041-1752350885-1770512015865-db2ffe4b.jpg,pending
225,"Thịt em đi anh",thit-em-%C4%91i-anh,https://cdn.vinahentai.cloud/manga-posters/be586f83-3c69-424e-82bb-787cfad99f33-1752350165-1770583235916-050f978e.jpg,pending
226,"Phải ngủ với người lạ",phai-ngu-voi-nguoi-la,https://cdn.vinahentai.cloud/test/story-images/poster-6982acd17757275c69d5781b-w575-1770347368287-b1357e25.jpg,pending
227,"Mái ấm gia đình",mai-am-gia-%C4%91inh,https://cdn.vinahentai.cloud/manga-posters/dbe0737f-f1fa-4fda-a844-6ccbd301fe2f-1752348722-1770588142147-41e8b005.jpg,pending
228,"Khóa học làm tình",khoa-hoc-lam-tinh,https://cdn.vinahentai.cloud/test/story-images/poster-69846dc457bcd06a926934f0-w575-1770347367074-03c30128.webp,pending
229,"Tôi Ngưỡng Mộ Chị, Gia Sư",toi-nguong-mo-chi-gia-su,https://cdn.vinahentai.cloud/manga-posters/511821b8-301d-4a64-bfee-1382b23d83ac-1751577374-1773144782190-5673c446.webp,pending
230,"Hóa thành thiếu gia",hoa-thanh-thieu-gia,https://cdn.vinahentai.cloud/manga-posters/48012e93-41ab-483a-915e-db80ad0e428d-1750180560-1770781165225-a08d59c4.jpg,pending
231,"Con trai chủ tịch",con-trai-chu-tich,https://cdn.vinahentai.cloud/test/story-images/poster-697f38b7bd8e4eb0b63481a0-w575-1770347314049-7a3162fa.jpg,pending
232,"Bí thư tình dục",bi-thu-tinh-duc,https://cdn.vinahentai.cloud/test/story-images/poster-6984369157bcd06a925ec865-w575-1770347300333-e8f8d462.jpg,pending
233,"Ngoại tình sau giờ làm",ngoai-tinh-sau-gio-lam,https://cdn.vinahentai.cloud/test/story-images/poster-6981109ea6f91bfe8a4cb214-w575-1770347300101-c6ded371.jpg,pending
234,"Sống với dì yêu",song-voi-di-yeu,https://cdn.vinahentai.cloud/test/story-images/poster-6984162e57bcd06a9258bb43-w575-1770347289993-657f488e.jpg,pending
235,"Tôi phải làm gì bây giờ",toi-phai-lam-gi-bay-gio,https://cdn.vinahentai.cloud/test/story-images/poster-697feacfa6f91bfe8a1b9ce9-w575-1770347287253-f4e6734d.jpg,pending
236,"Công ty chết tiệt",cong-ty-chet-tiet,https://cdn.vinahentai.cloud/test/story-images/poster-697fe26ca6f91bfe8a1aff1e-w575-1770347286233-d918f370.jpg,pending
237,"Gái gú vùng quê (Không che)",gai-gu-vung-que-khong-che,https://cdn.vinahentai.cloud/test/story-images/poster-697f52b2bd8e4eb0b638597c-w575-1770347284165-99b74eac.jpg,pending
238,"Sơ yếu lý lịch",so-yeu-ly-lich,https://cdn.vinahentai.cloud/test/story-images/poster-6984320157bcd06a925da3a8-w575-1770347277555-e55a085e.jpg,pending
239,"Tái sinh cu bự",tai-sinh-cu-bu,https://cdn.vinahentai.cloud/manga-posters/0ccd0793-9204-4a4d-8ac8-6570853637fa-1770414581454-380b457d.jpg,pending
240,"Gieo giống đến lúc rụng dái",gieo-giong-%C4%91en-luc-rung-dai,https://cdn.vinahentai.cloud/manga-posters/794a1844-e4be-4d17-bfa7-b27957767ebc-1770438708800-7b6c92eb.webp,pending
241,"Tướng quân tới đây",tuong-quan-toi-%C4%91ay,https://cdn.vinahentai.cloud/test/story-images/poster-698141c9a6f91bfe8a50adcf-w575-1770347266445-a8b73210.jpg,pending
242,"Đồng hồ quyền năng",%C4%91ong-ho-quyen-nang,https://cdn.vinahentai.cloud/manga-posters/f4b04cbe-40bb-438f-b9d7-d2d4bf9ea684-1747594561-1770580378352-6551828e.jpg,pending
243,"Du hành thời gian",du-hanh-thoi-gian,https://cdn.vinahentai.cloud/test/story-images/poster-69813fe3a6f91bfe8a508407-w575-1770347248416-a100ca91.jpg,pending
244,"Bản lĩnh đàn ông",ban-linh-%C4%91an-ong,https://cdn.vinahentai.cloud/manga-posters/78516863-7d42-4103-85c8-e1f1790833ae-1773159946032-1d07c611.jpg,pending
245,"The Warrior Became an Academy Professor After Divorce",the-warrior-became-an-academy-professor-after-divorce,https://cdn.vinahentai.cloud/test/story-images/poster-697fe93ba6f91bfe8a1b7e54-w575-1770347244218-643d88f9.webp,pending
246,"Làng khát dục",lang-khat-duc,https://cdn.vinahentai.cloud/manga-posters/cbfba964-90f2-45aa-b81e-e54efb2333dd-1746904562-1770811412883-29b921fd.jpg,pending
247,"Cuộc gọi nhục dục",cuoc-goi-nhuc-duc,https://cdn.vinahentai.cloud/manga-posters/4f07dafa-0184-43b2-89c1-64fa6a0d4127-1770800292595-38dcc0bc.webp,pending
248,"Công viên thác loạn",cong-vien-thac-loan,https://cdn.vinahentai.cloud/manga-posters/2ef452d1-cd61-48db-a049-f879dba74f66-1770411199135-70562bdc.jpg,pending
249,"Hand Play [핸드 플레이; MÒ MẪM]",hand-play-%E1%84%92%E1%85%A2%E1%86%AB%E1%84%83%E1%85%B3-%E1%84%91%E1%85%B3%E1%86%AF%E1%84%85%E1%85%A6%E1%84%8B%E1%85%B5-mo-mam,https://cdn.vinahentai.cloud/test/story-images/poster-69844d6457bcd06a9263aa2b-w575-1770347213635-989deaa3.jpg,pending
250,"Đại học tình dục",%C4%91ai-hoc-tinh-duc,https://cdn.vinahentai.cloud/manga-posters/08e4b7f9-2a0e-403e-99f8-9dd42c5f8d44-1770442668911-ecb1d6ae.jpg,pending
251,"Soeun",soeun,https://cdn.vinahentai.cloud/test/story-images/poster-697f3d62bd8e4eb0b6352cce-w575-1770347205177-1326be59.jpg,pending
252,"Chị em thân thiết",chi-em-than-thiet,https://cdn.vinahentai.cloud/manga-posters/cb2c6f15-4f0a-4f82-954c-df3e79c3bdf1-1744744560-1770405585445-569eb6be.jpg,pending
253,"Sơ múi vợ người khác",so-mui-vo-nguoi-khac,https://cdn.vinahentai.cloud/manga-posters/032f282f-7536-4830-9e84-f54b1c521ea0-1770459951635-e5f302ea.jpg,pending
254,"Noona and her BIG little Bro",noona-and-her-big-little-bro,https://cdn.vinahentai.cloud/test/story-images/poster-697f183ebd8e4eb0b62ed6b0-w575-1770347173843-57f9b36c.jpg,pending
255,"Sinh viên số hưởng",sinh-vien-so-huong,https://cdn.vinahentai.cloud/manga-posters/bbb45bcb-1d25-4969-a0f9-35f778eef6e9-1770775572064-ad7f62a5.jpg,pending
256,"Những Cô Gái Phép Thuật",nhung-co-gai-phep-thuat,https://cdn.vinahentai.cloud/test/story-images/poster-697f19a7bd8e4eb0b62f1f2a-w575-1770347142376-aae24e54.webp,pending
257,"Oppa, Not There",oppa-not-there,https://cdn.vinahentai.cloud/test/story-images/poster-697af790025c196f45499478-w575-1770347140758-3885583e.webp,pending
258,"Cô nàng gacha phòng bên",co-nang-gacha-phong-ben,https://cdn.vinahentai.cloud/test/story-images/poster-6981e1a7a6f91bfe8a66aeca-w575-1770347140066-c7d1c249.jpg,pending
259,"Athletes Village: The Trap",athletes-village-the-trap,https://cdn.vinahentai.cloud/manga-posters/75e72c00-ed57-4cc3-9a98-dd59fd2a2335-1770455215264-e0d3c10b.webp,pending
260,"Săn MILF Ở Thế Giới Khác",san-milf-o-the-gioi-khac,https://cdn.vinahentai.cloud/test/story-images/poster-697ef141bd8e4eb0b625a19a-w575-1770347132153-4ca3d374.webp,pending
261,"Cửa hàng tiện lợi thần kỳ",cua-hang-tien-loi-than-ky,https://cdn.vinahentai.cloud/manga-posters/2be8e82d-0afd-4a98-b6bb-07c7acefd8be-1770412663696-34ff59ea.jpg,pending
262,"Phu nhân đại gia",phu-nhan-%C4%91ai-gia,https://cdn.vinahentai.cloud/test/story-images/poster-69812e9ea6f91bfe8a4f0dfd-w575-1770347130591-90009196.webp,pending
263,"Ứng dụng toàn năng",ung-dung-toan-nang,https://cdn.vinahentai.cloud/manga-posters/dbba8622-e1b5-4fa1-8f87-420868b49133-1770513492871-3f69c442.jpg,pending
264,"Yêu thuật: Dàn Harem Yokai",yeu-thuat-dan-harem-yokai,https://cdn.vinahentai.cloud/manga-posters/346d8353-b3da-4196-9659-7b4ea61fa24d-1770517485350-beda7e2c.jpg,pending
265,"Cạm bẫy thể xác",cam-bay-the-xac,https://cdn.vinahentai.cloud/manga-posters/e31984cc-0227-4b5a-95db-a1d20b830f2b-1773151435332-258690a5.jpg,pending
266,"Stepmother's past",stepmothers-past,https://cdn.vinahentai.cloud/test/story-images/poster-69801c36a6f91bfe8a1fc811-w575-1770347110159-d00ae96b.jpg,pending
267,"Seduction - Quyến Rũ",seduction-quyen-ru,https://cdn.vinahentai.cloud/test/story-images/poster-697c6c560b3ea411ce5518b4-w575-1770347080087-d66bea9b.webp,pending
268,"Left Hand",left-hand,https://cdn.vinahentai.cloud/test/story-images/poster-697d65a8f295a77ee53f9525-w575-1770347074954-dec990e5.jpg,pending
269,"Do you want to change partners",do-you-want-to-change-partners,https://cdn.vinahentai.cloud/test/story-images/poster-697b06c9025c196f454e9631-w575-1770347073472-2074e229.jpg,pending
270,"Naughty Girl",naughty-girl,https://cdn.vinahentai.cloud/manga-posters/eda60438-3ad1-4298-80f1-4b7f960c208e-1770812053114-178f7eff.jpg,pending
271,"Take A Peek",take-a-peek,https://cdn.vinahentai.cloud/manga-posters/e5af5753-2b88-4603-9c90-cdcc86a0ec3c-1770518557051-3adceae1.jpg,pending
272,"Double Date",double-date,https://cdn.vinahentai.cloud/manga-posters/28ba1fbf-a04c-4205-8e79-4b918874e5c3-1773013979007-5d35ca99.jpg,pending
273,"Siren",siren,https://cdn.vinahentai.cloud/manga-posters/2fbaac52-a28f-431a-89f3-62ad9ff186a3-1770603006286-f36c4dd8.jpg,pending
274,"The Matrix",the-matrix,https://cdn.vinahentai.cloud/test/story-images/poster-697aec50025c196f45464619-w575-1770347056948-1f83e4de.jpg,pending
275,"What’s wrong with this family",whats-wrong-with-this-family,https://cdn.vinahentai.cloud/test/story-images/poster-6980d5d5a6f91bfe8a425ca0-w575-1770347036374-fc3d217c.jpg,pending
276,"Lầu Xanh",lau-xanh,https://cdn.vinahentai.cloud/test/story-images/poster-697ed72abd8e4eb0b620807c-w575-1770347033756-5400f0c5.jpg,pending
277,"A Guy and a Girl Stuck in an Elevator",a-guy-and-a-girl-stuck-in-an-elevator,https://cdn.vinahentai.cloud/manga-posters/418533c0-180b-46ad-a6a1-e6e47e5b1f8f-1770502240196-2038dc15.jpg,pending
278,"Chịch bạn mẹ, mẹ bạn",chich-ban-me-me-ban,https://cdn.vinahentai.cloud/test/story-images/poster-6980a9a0a6f91bfe8a363ae8-w575-1770347030903-b30d2813.jpg,pending
279,"The Lustful Demon is the King of Demons",the-lustful-demon-is-the-king-of-demons,https://cdn.vinahentai.cloud/manga-posters/c0efc7cb-78d4-44cf-af66-3433a9d43347-1770813061975-354c230e.webp,pending
280,"Sống Chung Với Dâm Nữ",song-chung-voi-dam-nu,https://cdn.vinahentai.cloud/test/story-images/poster-695984dba271a55bb5a38c0c-w575-1770347027226-f715ba16.webp,pending
281,"Dream Girl [Cô Gái Trong Mơ]",dream-girl-co-gai-trong-mo,https://cdn.vinahentai.cloud/manga-posters/cdfc7152-cb5b-46b3-a378-f5d2d40d0b8c-1770587491881-a99f0b7a.jpg,pending
282,"Xin Lỗi Em Chỉ Là Một Con Dâm Nữ [Sorry that I'm a pervert; Xin Lỗi Em Chỉ Là Một Con Biến Thái]",xin-loi-em-chi-la-mot-con-dam-nu-sorry-that-im-a-pervert-xin-loi-em-chi-la-mot-con-bien-thai,https://cdn.vinahentai.cloud/manga-posters/7ceea113-77be-48fb-b1fb-e83e4bfc7bd9-1771400279996-335ee5bf.jpg,pending
283,"Heaven [Thiên Đường]",heaven-thien-%C4%91uong,https://cdn.vinahentai.cloud/manga-posters/28e4ace7-5f7b-4b23-8290-444571bb8fef-1770797427913-2a3dc358.jpg,pending
284,"New Face",new-face,https://cdn.vinahentai.cloud/manga-posters/544c46e5-e002-4b25-8953-e60ef0dc8acd-1773025515737-5645d8a6.jpg,pending
285,"Địt xoa dịu mấy em Vệ Binh Tinh Tú!!! (Liên Minh Huyền Thoại) [Star Guardian Comic]",%C4%91it-xoa-diu-may-em-ve-binh-tinh-tu-lien-minh-huyen-thoai-star-guardian-comic,https://cdn.vinahentai.cloud/test/story-images/poster-6979c881da3bc20c9e11b0c7-w575-1770346983714-d19fbda8.webp,pending
286,"Nude Island",nude-island,https://cdn.vinahentai.cloud/test/story-images/poster-697c60f50b3ea411ce538727-w575-1770346979540-92a24276.webp,pending
287,"Sleeping Beauty [Saimin 3-6]",sleeping-beauty-saimin-3-6,https://cdn.vinahentai.cloud/manga-posters/9815cc19-b877-4a68-a067-677820216131-1770777220563-3ba2cfba.jpg,pending
288,"Tình Đầu [First Love]",tinh-%C4%91au-first-love,https://cdn.vinahentai.cloud/test/story-images/poster-697c35c40b3ea411ce4cc339-w575-1770346968354-e354c830.jpg,pending
289,"Garen x Katarina (Liên Minh Huyền Thoại) [Garen & Katarina (League of Legends)]",garen-x-katarina-lien-minh-huyen-thoai-garen-katarina-league-of-legends,https://cdn.vinahentai.cloud/test/story-images/poster-697c41ed0b3ea411ce4e37af-w575-1770346967651-4778ef15.jpg,pending
290,"A Remedial Class",a-remedial-class,https://cdn.vinahentai.cloud/manga-posters/7b685e38-3a18-4ede-8a89-ee54dbc6f551-1771191674396-8f1e322e.jpg,pending
291,"Cô Nàng Năm Nhất [Freshman]",co-nang-nam-nhat-freshman,https://cdn.vinahentai.cloud/test/story-images/poster-697af1da025c196f4547adcc-w575-1770346965945-ff98a378.webp,pending
292,"Đường Cong Gợi Tình [Body Choke]",%C4%91uong-cong-goi-tinh-body-choke,https://cdn.vinahentai.cloud/manga-posters/31f4a022-d486-4596-8f50-b43351cfb87b-1773029440932-0ff433ef.jpg,pending
293,"Fubuki in Danger",fubuki-in-danger,https://cdn.vinahentai.cloud/manga-posters/ab8c75db-0452-4e32-8f1f-2ab74c3abbc9-1770448334957-be6d3e8d.jpg,pending
294,"NEXT Gossip",next-gossip,https://cdn.vinahentai.cloud/manga-posters/3ea224a6-c60a-4675-a5ad-323dd2af1b75-1771397276793-d70a50a9.webp,pending
295,"By Chance",by-chance,https://cdn.vinahentai.cloud/manga-posters/24fb4801-e488-4ae7-91bc-aeda34b6752c-1770431448059-f387ec79.jpg,pending
296,"Đào Tạo Vợ [Wife Training]",%C4%91ao-tao-vo-wife-training,https://cdn.vinahentai.cloud/manga-posters/4bbdf062-842e-44d8-811a-0d192bbc4856-1770807036881-dea95164.webp,pending
297,"Mẹ Vợ Cũng Là Vợ Tôi [The Sharehouse]",me-vo-cung-la-vo-toi-the-sharehouse,https://cdn.vinahentai.cloud/manga-posters/ebeb09ec-5d69-46a6-86b9-014e0ff8709c-1770418683832-06b874a8.webp,pending
298,"H-Mate",h-mate,https://cdn.vinahentai.cloud/test/story-images/poster-698132cea6f91bfe8a4f7037-w575-1770346896414-a2709c73.webp,pending
299,"Gift from Santa Girlfriend",gift-from-santa-girlfriend,https://cdn.vinahentai.cloud/test/story-images/poster-697aee94025c196f4546ccd8-w575-1770346895966-e71301b0.webp,pending
300,"Hooker [Gái Điếm; Gái bán hoa]",hooker-gai-%C4%91iem-gai-ban-hoa,https://cdn.vinahentai.cloud/manga-posters/6b2f5ffd-010a-4887-b12c-7e1c332acbb0-1773050164336-669b4d30.jpg,pending
301,"Câu Lạc Bộ Trụy Lạc - Club Sodom [Club Sodom]",cau-lac-bo-truy-lac-club-sodom-club-sodom,https://cdn.vinahentai.cloud/test/story-images/poster-697c44380b3ea411ce4e980f-w575-1770346875655-0ac60bca.webp,pending
302,"Turns out she is classmate",turns-out-she-is-classmate,https://cdn.vinahentai.cloud/test/story-images/poster-6983e7b757bcd06a9253b8c8-w575-1770346874966-cd71af2a.webp,pending
303,"My Office",my-office,https://cdn.vinahentai.cloud/manga-posters/b7704aef-13b0-45bf-8c57-c51cc3b35f89-1770783311703-74546fea.jpg,pending
304,"Nàng Kiều Xứ Hàn [Cô Gái Khốn Khổ; Disrespectful bitch]",nang-kieu-xu-han-co-gai-khon-kho-disrespectful-bitch,https://cdn.vinahentai.cloud/manga-posters/94e17c87-bf09-4169-bcee-272b1b5e9066-1770515147102-c40eca79.jpg,pending
305,"Cột Thu Lôi",cot-thu-loi,https://cdn.vinahentai.cloud/test/story-images/poster-69813996a6f91bfe8a5003d7-w575-1770346862238-a330842e.jpg,pending
306,"Chị Gái Hàng Xóm",chi-gai-hang-xom,https://cdn.vinahentai.cloud/test/story-images/poster-697ecce0bd8e4eb0b61ee85f-w575-1770346842352-bb83a328.jpg,pending
307,"Hoạ Sĩ Khiêu Dâm [Cartoonist's NSFW Season 1]",hoa-si-khieu-dam-cartoonists-nsfw-season-1,https://cdn.vinahentai.cloud/manga-posters/89c03dd5-643a-47ce-b95a-6758f233f6f1-1770796348647-dee8e25f.jpg,pending
308,"Sexcape Room: Pile Up",sexcape-room-pile-up,https://cdn.vinahentai.cloud/manga-posters/9882fb15-3ddf-405f-afb7-b3c43536cf41-1770820424555-4a4882e9.jpg,pending
309,"Dàn harem của tôi ở dị giới",dan-harem-cua-toi-o-di-gioi,https://cdn.vinahentai.cloud/test/story-images/poster-6982a45d7757275c69d4aef8-w575-1770346834029-fc15848a.jpg,pending
310,"Cuộc Đoàn Tụ Của Những Con Búp Bê",cuoc-%C4%91oan-tu-cua-nhung-con-bup-be,https://cdn.vinahentai.cloud/test/story-images/poster-697c56c70b3ea411ce52103e-w575-1770346832527-0a76cbd8.jpg,pending
311,"Cuộc Sống Thường Nhật Của Một Con Biến Thái",cuoc-song-thuong-nhat-cua-mot-con-bien-thai,https://cdn.vinahentai.cloud/manga-posters/8a56c678-ff1c-4103-9510-21501347e538-1770585276143-318a8420.jpg,pending
312,"Những mỹ nhân ở tiệm đậu hũ",nhung-my-nhan-o-tiem-%C4%91au-hu,https://cdn.vinahentai.cloud/test/story-images/poster-698501b3199f961ec0f25f56-w575-1770346826327-8910f03c.jpg,pending
313,"Không an toàn để làm việc",khong-an-toan-%C4%91e-lam-viec,https://cdn.vinahentai.cloud/manga-posters/917136d2-1182-4c36-af07-0f977ae77387-1770446045218-9cd0c691.jpg,pending
314,"Những Cô Vợ Chiến Lợi Phẩm",nhung-co-vo-chien-loi-pham,https://cdn.vinahentai.cloud/manga-posters/789282b5-e211-4c33-a434-71cdf9e9f80c-1770773963623-8665ee02.jpg,pending
315,"Sinh Tồn Trên Đảo Hoang Cùng Mẹ Yêu",sinh-ton-tren-%C4%91ao-hoang-cung-me-yeu,https://cdn.vinahentai.cloud/test/story-images/poster-697f1cc5bd8e4eb0b62fc8ed-w575-1770346810699-d89a3ac7.jpg,pending
316,"Sống cùng bạn mẹ",song-cung-ban-me,https://cdn.vinahentai.cloud/test/story-images/poster-69810894a6f91bfe8a4c0cac-w575-1770346810462-552f0cdc.webp,pending
317,"Vùng đất định mệnh",vung-%C4%91at-%C4%91inh-menh,https://cdn.vinahentai.cloud/test/story-images/poster-6984f532199f961ec0f104d2-w575-1770346808803-adaa08e4.jpg,pending
318,"Trả Thù Bằng Dàn Harem [Phục thù lập harem | Revenge by Harem]",tra-thu-bang-dan-harem-phuc-thu-lap-harem-revenge-by-harem,https://cdn.vinahentai.cloud/test/story-images/poster-6980f189a6f91bfe8a493325-w575-1770346803674-886a48bb.jpg,pending
319,"Săn vợ người ở thế giới khác",san-vo-nguoi-o-the-gioi-khac,https://cdn.vinahentai.cloud/test/story-images/poster-6978308d9542fd19827f80ac-w575-1770346800144-669e22e5.webp,pending
320,"Mẹ bạn là của tôi",me-ban-la-cua-toi-2,https://cdn.vinahentai.cloud/test/story-images/poster-69782f019542fd19827f3cc8-w575-1770346790249-12db0d56.webp,pending
321,"Là mẹ hay chị",la-me-hay-chi,https://cdn.vinahentai.cloud/test/story-images/poster-697814079542fd19827b07c4-w575-1770346781498-e76fc0a5.jpg,pending
322,"Ăn mẹ trước [I’ll Eat Your Mom First]",an-me-truoc-ill-eat-your-mom-first,https://cdn.vinahentai.cloud/test/story-images/poster-697820f59542fd19827cd767-w575-1770346777049-cbe3828d.jpg,pending
323,"Nô lệ tộc elf",no-le-toc-elf,https://cdn.vinahentai.cloud/test/story-images/poster-6977ee4ffa99089fc8503687-w575-1770346770093-de3a9293.jpg,pending
324,"Bug Game Số Hưởng",bug-game-so-huong,https://cdn.vinahentai.cloud/test/story-images/poster-6977c8e764065403bab4a5f0-w575-1770346767757-a50f73f7.jpg,pending
325,"Phụ nữ của thần",phu-nu-cua-than,https://cdn.vinahentai.cloud/test/story-images/poster-6977e85dfa99089fc84f5f7a-w575-1770346764658-8b545445.jpg,pending
326,"Đến Mẹ Vợ Cũng Phải Chiều Theo Ý Anh",%C4%91en-me-vo-cung-phai-chieu-theo-y-anh,https://cdn.vinahentai.cloud/test/story-images/poster-6977aa752cedb60014ddcd6c-w575-1770346752649-57c4d23d.webp,pending
327,"Tôi phải ngủ với một người lạ",toi-phai-ngu-voi-mot-nguoi-la,https://cdn.vinahentai.cloud/test/story-images/poster-6977add22cedb60014deb7c5-w575-1770346747791-ee79adb6.jpg,pending
328,"Không phải vợ mà là MẸ vợ",khong-phai-vo-ma-la-me-vo,https://cdn.vinahentai.cloud/test/story-images/poster-697798c12cedb60014d72663-w575-1770346720307-2a5f2d9a.webp,pending
329,"Giao Kèo Ma Quỷ",giao-keo-ma-quy,https://cdn.vinahentai.cloud/test/story-images/poster-69779be62cedb60014d85922-w575-1770346718071-8c4fd6a7.webp,pending
330,"Ràng buộc thân thể",rang-buoc-than-the,https://cdn.vinahentai.cloud/test/story-images/poster-69779e242cedb60014d93b2b-w575-1770346716314-7f81036c.jpg,pending
331,"Nhật Ký Thông Lỗ",nhat-ky-thong-lo,https://cdn.vinahentai.cloud/test/story-images/poster-6977a4c02cedb60014dbc241-w575-1770346709748-4e9f7589.webp,pending
332,"Nhật ký chinh phục",nhat-ky-chinh-phuc,https://cdn.vinahentai.cloud/manga-posters/d7bdd2b3-e3e7-4880-a410-8ed45245d6a1-1770578246987-d7d7b0e1.jpg,pending
333,"Sắc Dục Mê Người",sac-duc-me-nguoi,https://cdn.vinahentai.cloud/test/story-images/poster-69842ec057bcd06a925cd47c-w575-1770346693452-b90dd753.jpg,pending
334,"Ta Là Giáo Chủ Tà Giáo",ta-la-giao-chu-ta-giao,https://cdn.vinahentai.cloud/test/story-images/poster-6982a08b7757275c69d44b00-w575-1770346687959-8fb1d38b.jpg,pending
335,"Sinh tồn với mẹ kế",sinh-ton-voi-me-ke,https://cdn.vinahentai.cloud/manga-posters/ed6dd7bc-c529-46cc-b341-aeaf27642612-1770410744929-266c1d9b.jpg,pending
336,"Tiệm cafe dành cho những bà mẹ",tiem-cafe-danh-cho-nhung-ba-me,https://cdn.vinahentai.cloud/test/story-images/poster-69773f7b2cedb60014bfc2af-w575-1770346679519-e87a613d.webp,pending
337,"Đáy xã hội may mắn và em succubus múp rụp",%C4%91ay-xa-hoi-may-man-va-em-succubus-mup-rup,https://cdn.vinahentai.cloud/test/story-images/poster-697735292cedb60014bdd1d9-w575-1770346668724-f3dcaf61.webp,pending
338,"Những cô vợ dâm loàn",nhung-co-vo-dam-loan,https://cdn.vinahentai.cloud/test/story-images/poster-69770fd62cedb60014b5575e-w575-1770346640007-bf0b9576.jpg,pending
339,"Dì tôi",di-toi,https://cdn.vinahentai.cloud/test/story-images/poster-6974d25f7b0010d34a2bd316-w575-1770346604303-43227fa8.webp,pending
340,"Mẹ Kế",me-ke,https://cdn.vinahentai.cloud/test/story-images/poster-6974d2f67b0010d34a2bf7f8-w575-1770346603894-e0c0eb82.jpg,pending
341,"Sức Hút Đồng Phục [Seductive Uniform]",suc-hut-%C4%91ong-phuc-seductive-uniform,https://cdn.vinahentai.cloud/test/story-images/poster-69850feaf2cbc98706a4328a-w575-1770346437813-8ab85a44.jpg,pending
342,"Quán Rượu Của Yeoni",quan-ruou-cua-yeoni,https://cdn.vinahentai.cloud/test/story-images/poster-690cb59631ea0e89ab240832-w575-1770345616921-288c1369.webp,pending
343,"Vừa Rồi Cậu Tự Sướng Trong Nhà Tắm Phải Không",vua-roi-cau-tu-suong-trong-nha-tam-phai-khong,https://cdn.vinahentai.cloud/test/story-images/poster-698277b67757275c69d053c6-w575-1770346171806-cd65cf3f.jpg,pending
344,"Thuần Phục Kẻ Bắt Nạt",thuan-phuc-ke-bat-nat,https://cdn.vinahentai.cloud/test/story-images/poster-693ec768f817756a06126c9f-w575-1770345738646-d3bc26a6.webp,pending
345,"Nhân Vật Webtoon Na Kang Lim NTR",nhan-vat-webtoon-na-kang-lim-ntr,https://cdn.vinahentai.cloud/test/story-images/poster-69837718f23026fd1923734d-w575-1770346268525-755975d6.jpg,pending
346,"Bậc Thầy Thiết Kế Điền Trang",bac-thay-thiet-ke-%C4%91ien-trang,https://cdn.vinahentai.cloud/test/story-images/poster-6983ece957bcd06a92543a40-w575-1770346281806-82623500.jpg,pending
347,"Huyết Danh Requiem (Không Che)",khuc-cau-hon-cua-khuyet-danh,https://cdn.vinahentai.cloud/test/story-images/poster-694d51cce13b8fcd95294be6-w575-1770345802603-cc6277f7.webp,pending
348,"Ly dị vợ để húp hàu",ly-di-vo-%C4%91e-hup-hau,https://cdn.vinahentai.cloud/test/story-images/poster-694d96bee36a1387ec8d21c4-w575-1770345805169-ae9fa432.webp,pending
349,"Nữ Thần Bãi Biển",nu-than-bai-bien,https://cdn.vinahentai.cloud/test/story-images/poster-68e2c346a5d5ef6634b53497-w575-1770345586984-6b9adea1.webp,pending
350,"Tuyết Và Sô Cô La (Không Che)",tuyet-va-so-co-la-khong-che,https://cdn.vinahentai.cloud/test/story-images/poster-6950b04e2760c1ec6bf3d658-w575-1770345812652-e496ecce.webp,pending
351,"Ngôi Làng Dục Vọng",ngoi-lang-duc-vong,https://cdn.vinahentai.cloud/test/story-images/poster-6910a3a57d7ada0ba8a20a1f-w575-1770345627025-2043351c.jpg,pending
352,"The Billionaire’S Monster Cock Son-In-Law",the-billionaires-monster-cock-son-in-law,https://cdn.vinahentai.cloud/test/story-images/poster-6984876257bcd06a926ce493-w575-1770346403124-5d04799f.jpg,pending
353,"Cô giáo gợi cảm",co-giao-goi-cam,https://cdn.vinahentai.cloud/test/story-images/poster-68e18f4a1d73ad33622db972-w575-1770345582958-4ddad7b6.webp,pending
354,"Khao khát dục vọng",khao-khat-duc-vong,https://cdn.vinahentai.cloud/test/story-images/poster-68e2c3e08a205502ed992049-w575-1770345587563-99f5b3a2.jpg,pending
355,"Tôi Là Ma Cà Rồng",toi-la-ma-ca-rong,https://cdn.vinahentai.cloud/test/story-images/poster-6955a91f1e07c70bfb0056ed-w575-1770345853475-ca6d4356.webp,pending
356,"Tài Khoản Mạng Xã Hội Bí Mật Của Giáo Sư",tai-khoan-mang-xa-hoi-bi-mat-cua-giao-su,https://cdn.vinahentai.cloud/test/story-images/poster-6917da2828a17ff76005fad9-w575-1770345632408-809ee7d7.webp,pending
357,"Thao túng nhận thức",thao-tung-nhan-thuc,https://cdn.vinahentai.cloud/test/story-images/poster-69612f91d87038b68ed24eb8-w575-1770345956868-eb64e0c7.webp,pending
358,"Nhật Ký Quan Sát",nhat-ky-quan-sat,https://cdn.vinahentai.cloud/test/story-images/poster-6967903866b2cee1bac5cef8-w575-1770345975839-eb1962f5.webp,pending
359,"Cửa hàng tiện lợi của chị Eunhye",cua-hang-tien-loi-cua-chi-eunhye,https://cdn.vinahentai.cloud/test/story-images/poster-68e1977c7d4f58a33b6505da-w575-1770345583449-30020b9f.webp,pending
360,"Vệ Sĩ Của Mẹ",milf-guard,https://cdn.vinahentai.cloud/test/story-images/poster-691b2371311ae66c89a05476-w575-1770345636481-c4952a51.webp,pending
361,"Những ngày rực rỡ",nhung-ngay-ruc-ro,https://cdn.vinahentai.cloud/test/story-images/poster-68dbb6bd1225628bfe2dcdb9-w575-1770345571776-63c26be8.webp,pending
362,"Màn Trở Về Huy Hoàng",man-tro-ve-huy-hoang,https://cdn.vinahentai.cloud/test/story-images/poster-696e64ef5761ca8ef7f52610-w575-1770346085167-fe12d024.webp,pending
363,"Các em trinh nữ ở rể",cac-em-trinh-nu-o-re,https://cdn.vinahentai.cloud/test/story-images/poster-68e19b3f1d73ad33622dbe15-w575-1770345583977-369d1e18.webp,pending
364,"Bài Học Hư Hỏng",bai-hoc-hu-hong,https://cdn.vinahentai.cloud/test/story-images/poster-69218fb816dbf3f71599101a-w575-1770345674847-98f23276.jpg,pending
365,"Kẻ Say Rượu Điên Loạn",ke-say-ruou-ien-loan,https://cdn.vinahentai.cloud/test/story-images/poster-6921916116dbf3f71599121c-w575-1770345675425-d112c964.webp,pending
366,"Chị giúp việc",chi-giup-viec,https://cdn.vinahentai.cloud/test/story-images/poster-6977388a2cedb60014be6a9b-w575-1770346116190-26fb753f.webp,pending
367,"CCTV",cctv,https://cdn.vinahentai.cloud/test/story-images/poster-6921935024c7c456e414a0ca-w575-1770345676680-e5ea937f.webp,pending
368,"Cùng Nhau Đi Trốn",cung-nhau-i-tron,https://cdn.vinahentai.cloud/test/story-images/poster-692194cd24c7c456e414a6bb-w575-1770345677272-4eee5ebc.jpg,pending
369,"Đoàn Huấn luyện Tân binh Nữ",%C4%91oan-huan-luyen-tan-binh-nu,https://cdn.vinahentai.cloud/test/story-images/poster-697743222cedb60014c062b7-w575-1770346117814-ff3ae56b.webp,pending
370,"Người Đàn Ông Thoái Hóa",nguoi-an-ong-thoai-hoa,https://cdn.vinahentai.cloud/test/story-images/poster-6921d9f316dbf3f71599ee95-w575-1770345677803-56df53e3.webp,pending
371,"Báo Cáo Hiệu Suất (Tình Dục)",bao-cao-hieu-suat-tinh-duc,https://cdn.vinahentai.cloud/test/story-images/poster-6921dcaf16dbf3f71599f8b3-w575-1770345678418-fc82e1b4.webp,pending
372,"Baba… Con Muốn Ôm Ba Thêm Một Lần Nữa",baba-con-muon-om-ba-them-mot-lan-nua,https://cdn.vinahentai.cloud/test/story-images/poster-6921dde116dbf3f71599ff6d-w575-1770345679064-d6124752.jpg,pending
373,"KHÔNG CHE-Có Phòng Trống Không",khong-che-co-phong-trong-khong-,https://cdn.vinahentai.cloud/test/story-images/poster-68e3d559d61d9ee0433abd87-w575-1770345589446-8547abc8.webp,pending
374,"Cặp đôi kí sinh",cap-oi-ki-sinh,https://cdn.vinahentai.cloud/test/story-images/poster-68e3d76dd61d9ee0433abe4f-w575-1770345590039-c3310142.webp,pending
375,"Cô giáo, lâu rồi không gặp",co-giao-lau-roi-khong-gap,https://cdn.vinahentai.cloud/test/story-images/poster-68e3d985d61d9ee0433abf61-w575-1770345590660-8cfa8703.webp,pending
376,"Sống Ở Mỹ",song-o-my,https://cdn.vinahentai.cloud/test/story-images/poster-6931a89f047e687eda6be96d-w575-1770345701233-d4ed7b4c.webp,pending
377,"Nô lệ Hầm trú ẩn",no-le-ham-tru-an,https://cdn.vinahentai.cloud/test/story-images/poster-6931b75dc6ab6a3cc0da695e-w575-1770345702377-03081248.webp,pending
378,"Mở Khóa Tim Nàng",mo-khoa-tim-nang,https://cdn.vinahentai.cloud/test/story-images/poster-69358b47742c471a8500a969-w575-1770345709361-d82cb35f.jpg,pending
379,"Gia đình thân thiết",gia-%C4%91inh-than-thiet,https://cdn.vinahentai.cloud/test/story-images/poster-697f627abd8e4eb0b63b45bf-w575-1770346134000-e98bc3c7.webp,pending
380,"Buổi Học Làm Tình Với Em Gái",buoi-hoc-lam-tinh-voi-em-gai,https://cdn.vinahentai.cloud/test/story-images/poster-6938f62b07a7b5dfeb906b34-w575-1770345714446-501f130f.webp,pending
381,"Anh sẽ bảo vệ em",se-bao-ve-cau,https://cdn.vinahentai.cloud/test/story-images/poster-69397f204c79af14df4af946-w575-1770345715644-c06e26e3.webp,pending
382,"Câu chuyện cho thuê băng 18+",cau-chuyen-cho-thue-bang-18,https://cdn.vinahentai.cloud/test/story-images/poster-6980db83a6f91bfe8a442150-w575-1770346142174-a9d3e013.webp,pending
383,"Trò Chơi Mạo Hiểm",tro-choi-mao-hiem,https://cdn.vinahentai.cloud/test/story-images/poster-6939def44c79af14df4ea076-w575-1770345721900-58c8f39a.webp,pending
384,"Not Safe For Work",not-safe-for-work,https://cdn.vinahentai.cloud/test/story-images/poster-693c27561fe92f48a1a38e0f-w575-1770345729693-169f513f.webp,pending
385,"Chuyện Tình Vào Lễ Giáng Sinh",chuyen-tinh-vao-le-giang-sinh,https://cdn.vinahentai.cloud/test/story-images/poster-6973a540ae393eff95bfbf05-w575-1770345395983-6bd1d601.jpg,pending
386,"Khi Loser Trỗi Dậy",khi-loser-troi-day,https://cdn.vinahentai.cloud/test/story-images/poster-69736bb155b1239204834fce-w575-1770345372619-712bacdb.jpg,pending
387,"Tán tỉnh em đi",tan-tinh-em-%C4%91i,https://cdn.vinahentai.cloud/test/story-images/poster-69721be84ecf01e475f1d441-w575-1770344598946-1565ef1b.jpg,pending
388,"Câu chuyện nhỏ, bí mật lớn",cau-chuyen-nho-bi-mat-lon,https://cdn.vinahentai.cloud/test/story-images/poster-6971d87fc4aa5f0aef01fe0f-w575-1770344572269-9e3cd5bf.jpg,pending
389,"Tình yêu đôi bên",tinh-yeu-%C4%91oi-ben,https://cdn.vinahentai.cloud/test/story-images/poster-6971e609c4aa5f0aef039a02-w575-1770344563769-f8566256.webp,pending
390,"Cuộc tình rối rắm",cuoc-tinh-roi-ram,https://cdn.vinahentai.cloud/manga-posters/a07cfb2f-aed8-4b44-a7d4-e1e8b518c617-1771197124249-c126767d.jpg,pending
391,"Thôi miên tuyệt đối ở dị giới",thoi-mien-tuyet-%C4%91oi-o-di-gioi,https://cdn.vinahentai.cloud/test/story-images/poster-6971c914c4aa5f0aef005480-w575-1770344559064-a63c4a0c.jpg,pending
392,"Vận chuyển số hưởng",van-chuyen-so-huong,https://cdn.vinahentai.cloud/test/story-images/poster-6971d606c4aa5f0aef01bf14-w575-1770344550615-d7eeb90b.webp,pending
393,"Dõi theo tình đầu",doi-theo-tinh-%C4%91au,https://cdn.vinahentai.cloud/test/story-images/poster-6971b60bc4aa5f0aeffdd64c-w575-1770344525468-5d107afc.webp,pending
394,"Love limit exceeded season 2",love-limit-exceeded-season-2,https://cdn.vinahentai.cloud/manga-posters/1c044732-6fb7-43c8-b326-3e9d1ecc99be-1755421681-1771368292715-4fc6046f.jpg,pending
395,"Streamer Seolyi",streamer-seolyi,https://cdn.vinahentai.cloud/manga-posters/a88a027a-856d-4061-b7e5-1b6677ae7800-1771369978549-762d3151.jpg,pending
396,"Tôi Mát Xa Em Gái Tôi Mỗi Đêm [I Massage My Sister Every Night]",toi-mat-xa-em-gai-toi-moi-%C4%91em-i-massage-my-sister-every-night,https://cdn.vinahentai.cloud/test/story-images/poster-696eb0949d8042fc3ff13563-w575-1770343973149-a2dccc5d.webp,pending
397,"Yoga Teacher",yoga-teacher,https://cdn.vinahentai.cloud/manga-posters/0d01093f-1f02-414f-9c63-e7a74cb18986-1770673260144-7c6814c5.jpg,pending
398,"Bí mật suối nước nóng",bi-mat-suoi-nuoc-nong,https://cdn.vinahentai.cloud/manga-posters/0d61535a-9221-4481-84b5-af3cd5f8b306-1770678350032-6a97f40f.jpg,pending
399,"Opium",opium,https://cdn.vinahentai.cloud/manga-posters/adb0c5ce-73cc-4786-b24f-62ed48f68548-1751573763-1770679425515-8303e501.jpg,pending
400,"I Divorced My Wife",i-divorced-my-wife,https://cdn.vinahentai.cloud/manga-posters/40b8ce3c-24af-41b7-af6a-14aba28ec198-1754978881-1770682918596-b631b76e.jpg,pending
401,"Yahalue - Aharoo [Ahab road; 亚哈路]",yahalue-aharoo-ahab-road-%E4%BA%9A%E5%93%88%E8%B7%AF,https://cdn.vinahentai.cloud/manga-posters/c8efab03-7761-40a3-893b-a288396da120-1770689997075-e0346eaa.jpg,pending
402,"JK Cumdump Development 2",jk-cumdump-development-2,https://cdn.vinahentai.cloud/manga-posters/a7c2a16e-6ee2-486a-bd54-10239ac13bba-1770698877117-389e7c6d.jpg,pending
403,"Canh Phòng",canh-phong,https://cdn.vinahentai.cloud/manga-posters/08d28ddc-4f58-4613-9a5c-00e73c494fd8-1770705760016-9312d0eb.jpg,pending
404,"Bạn Tình Là Streamer",ban-tinh-la-streamer,https://cdn.vinahentai.cloud/manga-posters/b31d2562-d124-49a1-a2f7-a3216746ece4-1762272484-1770707502469-8ed6a8e2.jpg,pending
405,"KHÚC CẦU HỒN CỦA KHUYẾT DANH",khuc-cau-hon-cua-khuyet-danh-2,https://cdn.vinahentai.cloud/manga-posters/f5a67e46-e2b1-4850-a1c9-3b3abcbbc27b-1766660178-1770713148688-9d65840b.jpg,pending
406,"Trùng Sinh • Bí Mật Sau Cơn Mưa",trung-sinh-bi-mat-sau-con-mua,https://cdn.vinahentai.cloud/manga-posters/7fe321d1-c4c9-4bd9-9901-b6b3cb6d555a-1758445682-1770716889636-a8a7e988.jpg,pending
407,"Cohabitation [Sống Chung, Sống Thử]",cohabitation-song-chung-song-thu,https://cdn.vinahentai.cloud/manga-posters/2df85664-0517-47af-9111-784642d7472f-1770721098875-f9c87c6f.jpg,pending
408,"cuộc sống thường ngày của biến thái",cuoc-song-thuong-ngay-cua-bien-thai,https://cdn.vinahentai.cloud/manga-posters/a93039ff-eb08-4c22-9ab1-ce4fd68e0f36-1747655902-1770836958535-fad32add.webp,pending
409,"Ahri - (League Of Legends)",ahri-league-of-legends,https://cdn.vinahentai.cloud/manga-posters/6da6718a-bb8e-44bf-b2bf-670da412f033-1770837177526-e9b537d2.jpg,pending
410,"Bắt Tay Vào Việc Kinh Doanh",bat-tay-vao-viec-kinh-doanh,https://cdn.vinahentai.cloud/manga-posters/77bbc1e8-3f1e-424c-a62d-6e2ba4a2b1ff-1761682081-1770839847410-323d3c35.jpg,pending
411,"Phòng nét thịt gái",phong-net-thit-gai,https://cdn.vinahentai.cloud/manga-posters/88da686b-744e-4a96-9d51-5560b58fb777-1770840373909-f5950d70.jpg,pending
412,"Bị các chị đại mần thịt",bi-cac-chi-%C4%91ai-man-thit,https://cdn.vinahentai.cloud/manga-posters/8e090336-1241-4632-88a5-edf743711481-1761682083-1770853661205-27309859.jpg,pending
413,"A Young Auntie",a-young-auntie,https://cdn.vinahentai.cloud/manga-posters/9d0f322f-5a9a-4450-843b-571e4b3945c5-1770856221723-6640abc2.jpg,pending
414,"Khúc tam tấu cuồng loạn",khuc-tam-tau-cuong-loan,https://cdn.vinahentai.cloud/manga-posters/88812316-7e16-4396-bd6a-b654e243e72e-1767788643-1771125783951-62af7dd0.jpg,pending
415,"Poor Chikorita (Pokémon)",poor-chikorita-pokemon,https://cdn.vinahentai.cloud/manga-posters/a17570b2-5b02-4537-9605-e626d9dae14c-1771129232430-43479c18.jpg,pending
416,"Sow",sow,https://cdn.vinahentai.cloud/manga-posters/5595b682-35b7-412c-b74a-d21e44f79960-1771129367484-7ad866bd.jpg,pending
417,"Chàng Thám Tử Đào Hoa [Mindreader]",chang-tham-tu-%C4%91ao-hoa-mindreader,https://cdn.vinahentai.cloud/manga-posters/f4c0ad3a-e2eb-4ff7-a81b-46efce64079e-1771133008203-3a03088a.jpg,pending
418,"Bought By The Demon Lord Before The Ending",bought-by-the-demon-lord-before-the-ending,https://cdn.vinahentai.cloud/test/story-images/poster-696e0ea663b16bcd46f51a51-w575-1770343909634-d4a1a3c4.webp,pending
419,"Backward Alert",backward-alert,https://cdn.vinahentai.cloud/test/story-images/poster-696d9dddcb27acd552b14643-w575-1770343765869-42bdae52.jpg,pending